Unnamed: 0,Zone,State,City,Name,Type,Establishment Year,time needed to visit in hrs,Google review rating,Entrance Fee in INR,Airport with 50km Radius,Weekly Off,Significance,DSLR Allowed,Number of google review in lakhs,Best Time to visit
0,Northern,Delhi,Delhi,India Gate,War Memorial,1921,0.5,4.6,0,Yes,None,Historical,Yes,2.6,Evening
1,Northern,Delhi,Delhi,Humayun's Tomb,Tomb,1572,2,4.5,30,Yes,None,Historical,Yes,0.4,Afternoon
2,Northern,Delhi,Delhi,Akshardham Temple,Temple,2005,5,4.6,60,Yes,None,Religious,No,0.4,Afternoon
3,Northern,Delhi,Delhi,Waste to Wonder Park,Theme Park,2019,2,4.1,50,Yes,Monday,Environmental,Yes,0.27,Evening
4,Northern,Delhi,Delhi,Jantar Mantar,Observatory,1724,2,4.2,15,Yes,None,Scientific,Yes,0.31,Morning
5,Northern,Delhi,Delhi,Chandni Chowk,Market,1700,3,4.2,0,Yes,Sunday,Market,Yes,0.25,Afternoon
6,Northern,Delhi,Delhi,Lotus Temple,Temple,1986,1,4.5,0,Yes,Monday,Religious,Yes,0.59,Evening
7,Northern,Delhi,Delhi,Red Fort,Fort,1648,2,4.5,35,Yes,None,Historical,Yes,1.5,Afternoon
8,Northern,Delhi,Delhi,Agrasen ki Baoli,Stepwell,1400,1,4.2,0,Yes,None,Historical,Yes,0.41,Afternoon
9,Northern,Delhi,Delhi,Sunder Nursery,Park,1600,2,4.6,0,Yes,None,Botanical,Yes,0.16,Afternoon
10,Northern,Delhi,Delhi,Garden of Five Senses,Park,2003,2,4.1,35,Yes,None,Botanical,Yes,0.23,Morning
11,Northern,Delhi,Delhi,Lodhi Garden,Park,1500,1,4.5,0,Yes,None,Botanical,Yes,0.48,All
12,Northern,Delhi,Delhi,National Gallery of Modern Art,Museum,1954,3,4.5,20,Yes,Monday,Artistic,Yes,0.08,All
13,Northern,Delhi,Delhi,National Zoological Park ,Zoo,1959,3,4.1,80,Yes,Friday,Environmental,Yes,0.41,All
14,Northern,Delhi,Delhi,Qutub Minar,Monument,1192,1,4.5,35,Yes,None,Historical,Yes,1.37,Afternoon
15,Northern,Delhi,Delhi,National Science Centre,Science,1992,5,4.4,70,Yes,None,Scientific,Yes,0.23,All
16,Western,Maharastra,Mumbai,Marine Drive,Promenade,Unknown,2,4.5,0,Yes,None,Scenic,Yes,1.5,Evening
17,Western,Maharastra,Mumbai,Gateway of India,Monument,1924,1,4.6,0,Yes,None,Historical,Yes,3.6,All
18,Western,Maharastra,Mumbai,Chhatrapati Shivaji Maharaj Vastu Sangrahalaya,Museum,1922,1,4.6,500,Yes,None,Historical,Yes,0.34,All
19,Western,Maharastra,Mumbai,Sanjay Gandhi National Park,National Park,1996,3,4.3,50,Yes,Monday,Wildlife,Yes,0.6,All
20,Western,Maharastra,Mumbai,Siddhivinayak Temple,Temple,1881,2,4.8,0,Yes,None,Religious,No,1.05,All
21,Western,Maharastra,Mumbai,Mahalaxmi Temple,Temple,1831,1,4.7,0,Yes,None,Religious,No,0.33,All
22,Western,Maharastra,Mumbai,Haji Ali Dargah,Religious Shrine,1431,2,4.4,0,Yes,None,Religious,No,0.16,All
23,Western,Maharastra,Mumbai,Chowpatty Beach,Beach,Unknown,2,4.3,0,Yes,None,Recreational,Yes,0.05,Evening
24,Western,Maharastra,Mumbai,Essel World,Amusement Park,1986,5,4.3,1149,Yes,None,Recreational,Yes,0.27,All
25,Western,Maharastra,Mumbai,Elephanta Caves,Monument,1987,4,4.3,550,Yes,None,Historical,Yes,0.35,All 
26,Western,Maharastra,Lonavala,Imagicaa,Amusement Park,2013,5,1.4,1149,No,Monday,Recreational,Yes,0.95,All
27,Southern,Karnataka,Bangalore,Bangalore Palace,Palace,1878,2,4.2,500,Yes,Monday,Historical,Yes,0.9,Morning
28,Southern,Karnataka,Bangalore,Lalbagh Botanical Garden,Botanical Garden,1760,1.5,4.4,20,Yes,None,Nature,Yes,1.5,Evening
29,Southern,Karnataka,Bangalore,Cubbon Park,Park,1870,1,4.4,0,Yes,None,Nature,Yes,1.32,Morning
30,Southern,Karnataka,Bangalore,Vidhana Soudha,Government Building,1956,0.5,4.6,0,Yes,None,Architectural,No,0.8,Morning
31,Southern,Karnataka,Bangalore,ISKCON Temple Bangalore,Temple,1997,1,4.6,0,Yes,None,Religious,Yes,1.14,Evening
32,Southern,Telangana,Hyderabad,Charminar,Landmark,1591,1,4.5,25,Yes,Friday,Historical,Yes,2.1,Morning
33,Southern,Telangana,Hyderabad,Golconda Fort,Fort,1600,2,4.4,30,Yes,None,Historical,Yes,1.2,Morning
34,Southern,Telangana,Hyderabad,Hussain Sagar Lake,Lake,1563,1,4.3,0,Yes,None,Scenic,Yes,0.5,Evening
35,Southern,Telangana,Hyderabad,Ramoji Film City,Film Studio,1996,4,4.4,1150,Yes,None,Entertainment,Yes,0.45,All
36,Southern,Telangana,Hyderabad,Salar Jung Museum,Museum,1951,2,4.4,20,Yes,None,Historical,Yes,0.67,All
37,Southern,Telangana,Hyderabad,Qutb Shahi Tombs,Tombs,1600,1,4.4,25,Yes,None,Historical,Yes,0.2,Morning
38,Southern,Telangana,Hyderabad,Birla Mandir,Temple,1976,1,4.7,0,Yes,None,Religious,No,0.41,All
39,Southern,Telangana,Hyderabad,Chowmahalla Palace,Palace,1800,1.5,4.4,80,Yes,None,Historical,Yes,0.45,Morning
40,Southern,Telangana,Hyderabad,Nehru Zoological Park,Zoo,1963,3,4.2,50,Yes,None,Wildlife,Yes,0.86,Morning
41,Southern,Telangana,Hyderabad,Lumbini Park,Park,1994,1,4.1,20,Yes,None,Recreational,Yes,0.73,Evening
42,Eastern,West Bengal,Kolkata,Victoria Memorial,Museum,1921,1.5,4.6,30,Yes,Monday,Historical,Yes,0.73,Morning
43,Eastern,West Bengal,Kolkata,Howrah Bridge,Bridge,1943,0.5,4.6,0,Yes,None,Architectural,No,1.2,Anytime
44,Eastern,West Bengal,Kolkata,Indian Museum,Museum,1814,2,4.6,50,Yes,Monday,Historical,Yes,0.18,Morning
45,Eastern,West Bengal,Kolkata,Dakshineswar Kali Temple,Temple,1855,1,4.7,0,Yes,None,Religious,Yes,0.82,Morning
46,Eastern,West Bengal,Kolkata,Kalighat Kali Temple,Temple,1809,1,4.4,0,Yes,None,Religious,Yes,0.5,Morning
47,Eastern,West Bengal,Kolkata,Eden Gardens,Cricket Ground,1864,3,4.1,2500,Yes,None,Sports,Yes,0.1,All
48,Eastern,West Bengal,Kolkata,Alipore Zoological Gardens,Zoo,1876,2,4.3,25,Yes,None,Wildlife,Yes,0.66,Afternoon
49,Eastern,West Bengal,Kolkata,Science City Kolkata,Science,1997,3,4.4,60,Yes,None,Educational,Yes,0.88,All
50,Eastern,West Bengal,Kolkata,Belur Math,Site,1898,1.5,4.7,0,Yes,None,Religious,Yes,0.47,Morning
51,Eastern,West Bengal,Kolkata,Marble Palace,Palace,1835,1,4.4,0,Yes,None,Historical,Yes,0.1,Afternoon
52,Southern,Goa,Goa,Calangute Beach,Beach,Unknown,2,4.4,0,Yes,None,Scenic,Yes,0.26,Evening
53,Southern,Goa,Goa,Basilica of Bom Jesus,Church,1605,1,4.5,0,Yes,None,Historical,Yes,0.59,Afternoon
54,Southern,Goa,Goa,Fort Aguada,Fort,1612,1.5,4.2,0,Yes,None,Historical,Yes,0.95,Morning
55,Southern,Goa,Goa,Dudhsagar Falls,Waterfall,Unknown,3,4.6,500,Yes,None,Nature,Yes,0.3,Afternoon
56,Southern,Goa,Goa,Anjuna Beach,Beach,Unknown,2,4.4,0,Yes,None,Scenic,Yes,0.18,Evening
57,Southern,Goa,Goa,Chapora Fort,Fort,1617,1,4.2,0,Yes,None,Historical,Yes,0.19,Evening
58,Southern,Goa,Goa,Se Cathedral,Church,1640,1,4.5,0,Yes,None,Historical,Yes,0.05,Afternoon
59,Southern,Goa,Goa,Baga Beach,Beach,Unknown,2,4.5,0,Yes,None,Scenic,Yes,0.35,Evening
60,Southern,Goa,Goa,Arambol Beach,Beach,Unknown,2,4.6,0,Yes,None,Scenic,Yes,0.1,Evening
61,Southern,Goa,Goa,Palolem Beach,Beach,Unknown,2,4.6,0,Yes,None,Scenic,Yes,0.27,Evening
62,Southern,Goa,Goa,Colva Beach,Beach,Unknown,2,4.3,0,Yes,None,Scenic,Yes,0.1,Evening
63,Southern,Goa,Goa,Miramar Beach,Beach,Unknown,1.5,4.2,0,Yes,None,Scenic,Yes,0.3,Evening
64,Southern,Goa,Goa,Aguada Beach,Beach,Unknown,2,4.5,0,Yes,None,Scenic,Yes,0.01,Evening
65,Southern,Goa,Goa,Dr. Salim Ali Bird Santuary,Bird Sanctuary,1988,2,3.9,10,Yes,None,Wildlife,Yes,0.03,Afternoon
66,Western,Gujarat,Ahmedabad,Sabarmati Ashram,Historical,1915,1.5,4.6,0,Yes,None,Historical,Yes,0.35,Morning
67,Western,Gujarat,Dwarka,Dwarkadhish Temple,Temple,-400,2,4.7,0,No,None,Religious,No,0.59,Evening
68,Western,Gujarat,Junagadh,Gir National Park,National Park,1965,3,4.5,3500,No,None,Wildlife,Yes,0.08,Morning
69,Western,Gujarat,Bhuj,White Desert,Site,1950,2.5,4.6,0,Yes,None,Nature,Yes,0.12,Evening
70,Western,Gujarat,Vadodara,Laxmi Vilas Palace,Palace,1890,2,4.4,200,Yes,Monday,Historical,Yes,0.17,Afternoon
71,Western,Gujarat,Somnath,Somnath Temple,Temple,1951,2,4.8,0,No,None,Religious,No,0.39,Morning
72,Western,Gujarat,Rann of Kutch,Rann Utsav,Cultural,Unknown,3,4.9,7500,Yes,None,Cultural,Yes,0.1,Evening
73,Western,Gujarat,Kevadia,Statue of Unity,Monument,2018,3,4.6,350,No,Monday,Historical,Yes,0.67,All
74,Western,Gujarat,Gandhinagar,Dandi Kutir,Museum,2013,1.5,4.5,0,No,None,Historical,Yes,0.05,All
75,Western,Gujarat,Ahmedabad,Sabarmati Riverfront,Urban Development Project,2012,1,4.6,0,Yes,None,Recreational,Yes,0.1,Evening
76,Western,Gujarat,Ahmedabad,Manek Chowk,Market,Unknown,2,4.4,0,Yes,None,Food,Yes,0.49,Night
77,Western,Gujarat,Ahmedabad,Kankaria Lake,Lake,1451,3,4.5,10,Yes,None,Recreational,Yes,0.3,Afternoon
78,Western,Gujarat,Ahmedabad,Science City,Science,2002,7,4.4,500,Yes,Monday,Educational,Yes,0.11,All
79,Northern,Rajasthan,Jaipur,Hawa Mahal,Palace,1799,1,4.4,50,Yes,None,Architectural,Yes,1.3,Morning
80,Northern,Rajasthan,Udaipur,City Palace,Palace,1559,2,4.4,300,Yes,None,Historical,Yes,0.51,All
81,Northern,Rajasthan,Jaisalmer,Jaisalmer Fort,Fort,1156,2.5,4.4,50,No,None,Historical,Yes,0.56,All
82,Northern,Rajasthan,Sawai Madhopur,Ranthambore National Park,Wildlife Sanctuary,1980,3,4.6,500,No,None,Wildlife,Yes,0.09,All
83,Northern,Rajasthan,Pushkar,Pushkar Lake,Temple,1400,1.5,4.4,0,No,None,Religious,Yes,1.6,All
84,Northern,Rajasthan,Ajmer,Ajmer Sharif Dargah,Shrine,1236,1,4.6,0,Yes,None,Religious,No,0.35,All
85,Northern,Rajasthan,Jodhpur,Mehrangarh Fort,Fort,1459,2,4.6,100,Yes,None,Historical,Yes,0.64,All
86,Northern,Rajasthan,Chittorgarh,Chittorgarh Fort,Fort,700,2,4.6,40,No,None,Historical,Yes,1.9,All
87,Northern,Rajasthan,Mount Abu,Dilwara Temples,Temple,1100,1,4.6,0,No,None,Religious,No,0.05,All
88,Northern,Rajasthan,Bikaner,Junagarh Fort,Fort,1589,2,4.5,50,Yes,None,Historical,Yes,0.32,All
89,Northern,Rajasthan,Jaipur,Amber Fort,Fort,1592,2,4.6,100,Yes,None,Historical,Yes,1.5,All
90,Northern,Rajasthan,Jaipur,Jaigarh Fort,Fort,1726,1.5,4.5,35,Yes,None,Historical,Yes,0.3,All
91,Northern,Rajasthan,Udaipur,Lake Pichola,Lake,1362,1,4.6,0,Yes,None,Nature,Yes,0.5,All
92,Northern,Punjab,Amritsar,Golden Temple (Harmandir Sahib),Religious Site,1604,1.5,4.9,0,Yes,None,Spiritual,Yes,1.9,All
93,Northern,Punjab,Amritsar,Jallianwala Bagh,Memorial,1951,1,4.8,0,Yes,None,Historical,Yes,0.3,Afternoon
94,Northern,Punjab,Amritsar,Wagah Border,Border Crossing,1950,2,4.8,0,Yes,None,Cultural,Yes,0.17,Evening
95,Northern,Punjab,Chandigarh,Rock Garden,Sculpture Garden,1976,2,4.5,30,Yes,None,Artistic,Yes,0.5,All
96,Southern,Kerala,Alappuzha,Alappuzha Beach,Beach,Unknown,1.5,4.5,0,Yes,None,Recreational,Yes,0.11,All
97,Southern,Kerala,Munnar,Munnar Tea Gardens,Scenic Area,Unknown,2,4.3,0,No,None,Nature,Yes,0.3,All
98,Southern,Kerala,Kochi,Fort Kochi,Site,1503,1,4.4,0,Yes,None,Historical,Yes,0.1,All
99,Southern,Kerala,Thiruvananthapuram,Padmanabhaswamy Temple,Temple,Unknown,1,4.7,0,Yes,None,Religious,No,0.46,All
100,Southern,Kerala,Kozhikode,Kozhikode Beach,Beach,Unknown,1.5,3.9,0,Yes,None,Recreational,Yes,0.059,All
101,Southern,Kerala,Wayanad,Wayanad Wildlife Sanctuary,Wildlife Sanctuary,Unknown,3,4.5,300,No,None,Wildlife,Yes,2.2,All
102,Southern,Kerala,Thekkady,Periyar National Park,National Park,1982,3,4.3,50,No,None,Wildlife,Yes,0.14,All
103,Southern,Kerala,Kumarakom,Kumarakom Bird Sanctuary,Bird Sanctuary,1972,2,3.8,50,Yes,None,Wildlife,Yes,0.1,All
104,Southern,Kerala,Varkala,Varkala Beach,Beach,Unknown,2,4.6,0,Yes,None,Recreational,Yes,0.1,All
105,Southern,Kerala,Bekal,Bekal Fort,Fort,1650,1.5,4.5,20,No,None,Historical,Yes,0.22,All
106,Southern,Kerala,Kovalam,Kovalam Beach,Beach,Unknown,2,4.4,0,Yes,None,Recreational,Yes,0.68,All
107,Southern,Kerala,Kannur,St. Angelo Fort,Fort,1505,1,4.4,20,Yes,None,Historical,Yes,0.11,All
108,Southern,Kerala,Nelliyampathy,Seethargundu Viewpoint,Viewpoint,Unknown,1,4.5,0,No,None,Nature,Yes,0.03,Morning
109,Southern,Kerala,Kochi,Kerala Folklore Museum,Cultural,2009,1.5,4.4,100,Yes,Monday,Cultural,Yes,0.1,All
110,Southern,Kerala,Kochi,Wonderla Amusement Park,Amusement Park,2016,5.5,4.6,750,Yes,None,Entertainment,Yes,0.41,All
111,Southern,Karnataka,Mysore,Mysore Palace,Palace,1912,2,4.6,50,Yes,None,Historical,Yes,2.5,All
112,Southern,Karnataka,Hampi,Hampi Archaeological Ruins,Site,Unknown,3,4.7,0,No,None,Historical,Yes,0.05,All
113,Southern,Karnataka,Coorg,Abbey Falls,Waterfall,Unknown,1,4.1,0,No,None,Nature,Yes,0.03,Morning
114,Southern,Karnataka,Gokarna,Om Beach,Beach,Unknown,2,4.5,0,No,None,Nature,Yes,0.09,All
115,Southern,Karnataka,Chikmagalur,Mullayanagiri,Mountain Peak,Unknown,3,4.5,0,No,None,Nature,Yes,0.05,All
116,Southern,Karnataka,Badami,Badami Cave Temples,Cave,600,1.5,4.6,30,No,None,Religious,No,0.2,All
117,Southern,Karnataka,Shivamogga,Jog Falls,Waterfall,1900,1.5,4.6,30,No,None,Nature,Yes,0.23,Morning
118,Southern,Karnataka,Mangalore,Panambur Beach,Beach,Unknown,1.5,4.5,0,Yes,None,Recreational,Yes,0.1,All
119,Southern,Karnataka,Murudeshwar,Murudeshwar Temple,Temple,Unknown,1,4.7,0,Yes,None,Religious,No,0.49,All
120,Southern,Karnataka,Bijapur,Gol Gumbaz,Mausoleum,1656,1.5,4.5,20,No,None,Historical,Yes,0.25,All
121,Southern,Karnataka,Bandipur,Bandipur National Park,National Park,1974,3,4.4,300,No,None,Wildlife,Yes,0.15,Morning
122,Southern,Karnataka,Halebidu,Halebidu Hoysaleswara Temple,Temple,1121,1,4.7,15,No,None,Religious,No,0.11,All
123,Western,Maharastra,Pune,Shaniwar Wada,Fort,1732,2,4.4,50,Yes,None,Historical,Yes,1.2,All
124,Western,Maharastra,Aurangabad,Ajanta Caves,Cave,200,3,4.6,30,Yes,Monday,Historical,Yes,0.21,Afternoon
125,Western,Maharastra,Nashik,Sula Vineyards,Vineyard,1999,2,4.1,300,Yes,None,Recreational,Yes,0.1,Afternoon
126,Western,Maharastra,Shirdi,Sai Baba Temple,Temple,1922,1.5,4.7,0,Yes,None,Religious,No,0.69,All
127,Western,Maharastra,Alibaug,Alibaug Beach,Beach,Unknown,1.5,4.2,0,Yes,None,Recreational,Yes,0.05,Evening
128,Western,Maharastra,Ratnagiri,Ganapatipule Temple,Temple,1600,1,4.7,0,No,None,Religious,No,0.1,All
129,Western,Maharastra,Nagpur,Deekshabhoomi,Monument,2001,1,4.5,0,Yes,None,Religious,Yes,0.11,Afternoon
130,Western,Maharastra,Kolhapur,Mahalakshmi Temple,Temple,700,1,4.8,0,Yes,None,Religious,No,0.9,All
131,Western,Maharastra,Lonavala,Karla Caves,Cave,200,1.5,4.4,25,Yes,Yes,Historical,Yes,0.27,Afternoon
132,Western,Maharashtra,Tarkarli,Tarkarli Beach,Beach,Unknown,2,4.6,0,No,None,Recreational,Yes,0.065,Evening
133,Western,Maharashtra,Satara,Kaas Plateau,Valley,Unknown,2,4.4,300,No,None,Nature,Yes,0.05,Afternoon
134,Western,Maharashtra,Matheran,Echo Point,Viewpoint,1828,1.5,4.4,0,Yes,None,Nature,Yes,0.02,Morning
135,Western,Maharashtra,Ajanta,Ellora Caves,Cave,600,3,4.7,30,Yes,Tuesday,Historical,Yes,0.49,Afternoon
136,Central,Madhya Pradesh,Khajuraho,Khajuraho Group of Monuments,Temples,-850,2,4.7,40,No,None,Cultural,Yes,0.09,Afternoon
137,Central,Madhya Pradesh,Bhopal,Sanchi Stupa,Monument,-300,1.5,4.7,30,Yes,None,Historical,Yes,0.01,Afternoon
138,Central,Madhya Pradesh,Indore,Rajwada Palace,Palace,1747,1,4.4,10,Yes,None,Historical,Yes,0.63,Afternoon
139,Central,Madhya Pradesh,Gwalior,Gwalior Fort,Fort,900,2.5,4.5,75,Yes,None,Historical,Yes,0.4,Morning
140,Central,Madhya Pradesh,Ujjain,Mahakaleshwar Jyotirlinga,Temple,-3500,1.5,4.8,0,Yes,None,Religious,No,1.2,All
141,Central,Madhya Pradesh,Jabalpur,Dhuandhar Falls,Waterfall,Unknown,1,4.5,0,No,None,Nature,Yes,0.01,Morning
142,Central,Madhya Pradesh,Pachmarhi,Bee Falls,Waterfall,Unknown,1.5,4.6,15,No,None,Nature,Yes,0.065,Morning
143,Central,Madhya Pradesh,Kanha,Kanha National Park,Wildlife Sanctuary,1955,3,4.5,100,No,None,Wildlife,Yes,0.1,Morning
144,Central,Madhya Pradesh,Bandhavgarh,Bandhavgarh National Park,National Park,1968,3,4.5,50,No,None,Wildlife,Yes,0.05,Morning
145,Central,Madhya Pradesh,Orchha,Orchha Fort,Fort,1500,1.5,4.8,10,No,None,Historical,Yes,0.1,Afternoon
146,Central,Madhya Pradesh,Mandu,Jahaz Mahal,Site,1500,1,3.9,50,No,None,Historical,Yes,0.03,Afternoon
147,Central,Madhya Pradesh,Bhimbetka,Bhimbetka Rock Shelters,Prehistoric Site,1958,2,4.6,25,No,None,Archaeological,Yes,0.07,Afternoon
148,Central,Madhya Pradesh,Amarkantak,Narmada Udgam Temple,Temple,1200,1,4.4,0,No,None,Religious,Yes,0.01,All
149,Central,Madhya Pradesh,Chitrakoot,Chitrakoot Falls,Waterfall,Unknown,1.5,4.4,0,No,None,Nature,Yes,0.1,Morning
150,Northern,Himachal Pradesh,Shimla,The Ridge,Scenic Point,Unknown,1,4.7,0,Yes,None,Recreational,Yes,0.03,Morning
151,Northern,Himachal Pradesh,Manali,Solang Valley,Valley,Unknown,2,4.1,0,No,None,Adventure,Yes,0.05,Morning
152,Northern,Himachal Pradesh,dalhousie,Dalai Lama Temple,Temple,1959,1.5,4.7,0,Yes,None,Religious,No,0.15,All
153,Northern,Himachal Pradesh,Dalhousie,Khajjiar Lake,Lake,Unknown,1.5,4.5,0,No,None,Nature,Yes,0.1,Morning
154,Northern,Himachal Pradesh,Spiti Valley,Key Monastery,Monastery,1100,1,4.8,0,No,None,Religious,Yes,0.025,Morning
155,Northern,Himachal Pradesh,Kullu,Great Himalayan National Park,National Park,1984,3,4.5,50,No,None,Wildlife,Yes,0.2,All
156,Northern,Himachal Pradesh,Chamba,Chamera Lake,Lake,Unknown,2,4.4,0,No,None,Recreational,Yes,0.01,Morning
157,Northern,Himachal Pradesh,Kinnaur,Sangla Valley,Valley,Unknown,2,4.5,0,No,None,Nature,Yes,0.01,Morning
158,Northern,Himachal Pradesh,Kangra,Kangra Fort,Fort,400,2,4.4,150,Yes,None,Historical,Yes,0.1,All
159,Northern,Himachal Pradesh,Palampur,Tea Gardens,Tea Plantation,1950,1.5,4.6,0,Yes,None,Agricultural,Yes,0.015,Morning
160,Northern,Himachal Pradesh,Mandi,Prashar Lake,Lake,1400,1.5,4.6,0,No,None,Nature,Yes,0.01,Morning
161,Northern,Himachal Pradesh,Bir Billing,Paragliding Site,Adventure Sport,2005,2,4.8,2500,No,None,Adventure,Yes,0.01,All
162,Northern,Himachal Pradesh,McLeod Ganj,Triund Trek,Trekking,Unknown,5,4.8,0,Yes,None,Adventure,Yes,0.01,Morning
163,Northern,Himachal Pradesh,Manikaran,Manikaran Sahib,Gurudwara,1980,1,4.6,0,No,None,Religious,Yes,1.3,Morning
164,Northern,Himachal Pradesh,Narkanda,Hatu Peak,Viewpoint,Unknown,2,4.5,0,Yes,None,Nature,Yes,1.1,All
165,Northern,Himachal Pradesh,Barot,Barot Valley,Valley,Unknown,2,4.7,0,No,None,Nature,Yes,1.2,Morning
166,Northern,Himachal Pradesh,Shoja,Serolsar Lake,Lake,Unknown,2.5,4.4,0,No,None,Nature,Yes,0.9,Morning
167,Northern,Himachal Pradesh,Kufri,Kufri Fun World,Ski Resort,1975,5,3.8,1500,Yes,None,Recreational,Yes,0.1,All
168,Northern,Uttarakhand,Nainital,Naini Lake,Lake,Unknown,1.5,4.2,0,Yes,None,Nature,Yes,0.01,Morning
169,Northern,Uttarakhand,Rishikesh,Laxman Jhula,Suspension Bridge,1939,1,4.4,0,Yes,None,Cultural,Yes,0.03,Morning
170,Northern,Uttarakhand,Haridwar,Har Ki Pauri,Ghat,Unknown,1,4.5,0,Yes,None,Religious,Yes,0.025,All
171,Northern,Uttarakhand,Dehradun,Robber's Cave,Cave,Unknown,1.5,4.5,25,Yes,None,Nature,Yes,0.01,Morning
172,Northern,Uttarakhand,Mussoorie,Kempty Falls,Waterfall,Unknown,1.5,4.2,15,Yes,None,Nature,Yes,0.55,Morning
173,Northern,Uttarakhand,Auli,Auli Ski Resort,Ski Resort,1990,3,4.5,0,No,None,Adventure,Yes,0.01,Morning
174,Northern,Uttarakhand,Badrinath,Badrinath Temple,Temple,-820,1,4.8,0,No,None,Religious,No,0.29,All
175,Northern,Uttarakhand,Almora,Binsar Wildlife Sanctuary,Wildlife Sanctuary,1988,2,4.3,150,No,None,Wildlife,Yes,0.01,All
176,Northern,Uttarakhand,Ranikhet,Chaubatia Gardens,Orchard,1868,1,4,50,No,None,Recreational,Yes,0.025,All
177,Northern,Uttarakhand,Jim Corbett,Jim Corbett National Park,National Park,1936,3,4.4,100,Yes,None,Wildlife,Yes,0.3,All
178,Northern,Uttarakhand,Uttarkashi,Gangotri Temple,Temple,1751,1,4.8,0,No,None,Religious,No,0.05,All
179,Northern,Uttarakhand,Chopta,Tungnath Temple,Temple,751,2,4.8,0,No,None,Religious,No,0.09,All
180,Northern,Uttarakhand,Joshimath,Valley of Flowers,National Park,1982,5,4.7,150,No,None,Nature,Yes,0.035,Morning
181,Central,Uttar Pradesh,Agra,Taj Mahal,Mausoleum,1632,2,4.6,50,Yes,Friday,Historical,Yes,2.25,Morning
182,Central,Uttar Pradesh,Varanasi,Kashi Vishwanath Temple,Temple,Unknown,1,4.7,0,Yes,None,Religious,No,0.9,All
183,Central,Uttar Pradesh,Lucknow,Bara Imambara,Monument,1784,1.5,4.4,50,Yes,Monday,Historical,No,0.45,All
184,Central,Uttar Pradesh,Mathura,Krishna Janmabhoomi,Temple,Unknown,1,4.7,0,Yes,None,Religious,No,0.13,All
185,Central,Uttar Pradesh,Ayodhya,Ram Janmabhoomi,Religious Site,Unknown,1,4.8,0,Yes,None,Religious,No,0.025,All
186,Central,Uttar Pradesh,Vrindavan,Banke Bihari Temple,Temple,1864,1,4.8,0,Yes,None,Religious,No,0.37,All
187,Central,Uttar Pradesh,Allahabad,Triveni Sangam,Confluence,Unknown,1,4.5,0,Yes,None,Religious,Yes,0.09,Morning
188,Central,Uttar Pradesh,Jhansi,Jhansi Fort,Fort,1613,1.5,4.4,15,Yes,None,Historical,Yes,0.25,All
189,Central,Uttar Pradesh,Sarnath,Dhamek Stupa,Monument,-500,1,4.6,5,Yes,None,Historical,Yes,0.065,All
190,Central,Uttar Pradesh,Fatehpur Sikri,Buland Darwaza,Monument,1571,2,4.4,40,Yes,None,Historical,Yes,0.07,Afternoon
191,Central,Uttar Pradesh,Noida,Okhla Bird Sanctuary,Bird Sanctuary,1990,1.5,4.3,30,Yes,None,Wildlife,Yes,0.035,All
192,Central,Uttar Pradesh,Aligarh,Aligarh Fort,Fort,1524,1,4.1,20,Yes,None,Historical,Yes,0.0165,Afternoon
193,Central,Uttar Pradesh,Meerut,Augarnath Temple,Temple,Unknown,1,4.8,0,Yes,None,Religious,No,0.045,All
194,Central,Uttar Pradesh,Kanpur,Allen Forest Zoo,Zoo,1971,2,4.2,150,Yes,Monday,Wildlife,Yes,0.21,All
195,Northern,Jammu and Kashmir,Srinagar,Dal Lake,Lake,Unknown,2,4.6,0,Yes,None,Nature,Yes,0.15,Morning
196,Northern,Ladakh,Leh,Pangong Tso,Lake,Unknown,2,4.9,20,Yes,None,Nature,Yes,0.15,Morning
197,Northern,Jammu and Kashmir,Pahalgam,Betaab Valley,Valley,Unknown,2,4.6,100,No,None,Nature,Yes,0.11,All
198,Northern,Jammu and Kashmir,Jammu,Vaishno Devi,Temple,Unknown,5,4.7,0,Yes,None,Religious,No,0.55,All
199,Northern,Jammu and Kashmir,Udhampur,Patnitop Height,Hill,Unknown,2,4.1,0,No,None,Recreational,Yes,0.01,All
200,Northern,Jammu and Kashmir,Anantnag,Amarnath Cave,Temple,Unknown,6,4.5,0,No,None,Religious,Yes,0.11,All
201,Northern,Ladakh,Leh,Thiksey Monastery,Monastery,1430,1.5,4.7,20,Yes,None,Religious,No,0.05,All
202,Northern,Ladakh,Nubra Valley,Nubra Valley,Valley,Unknown,2,4.5,0,No,None,Nature,Yes,0.1,All
203,Northern,Ladakh,Kargil,Kargil War Memorial,War Memorial,24,1,4.8,0,No,None,Historical,Yes,0.011,All
204,Northern,Ladakh,Diskit,Diskit Monastery,Monastery,1351,1,4.7,20,No,None,Religious,No,0.015,Morning
205,Northern,Jammu and Kashmir,Kishtwar,Kishtwar National Park,National Park,1981,3,4.3,100,No,None,Wildlife,Yes,0.01,All
206,Northern,Ladakh,Hemis,Hemis National Park,National Park,1981,4,4.4,20,No,None,Wildlife,Yes,0.02,All
207,Northern,Ladakh,Dras,Dras War Memorial,War Memorial,Unknown,1,4.8,0,No,None,Historical,Yes,0.012,All
208,Northern,Ladakh,Leh,Magnetic Hill,Gravity Hill,Unknown,0.5,3.7,0,Yes,None,Nature,Yes,0.1,All
209,Northern,Ladakh,Leh,Khardung La Pass,Hill,Unknown,1,4.5,0,Yes,None,Adventure,Yes,0.05,Afternoon
210,Northern,Ladakh,Leh,Thiksey Monastery,Monastery,1430,1.5,4.7,30,Yes,None,Religious,No,0.05,All
211,Central,Uttar Pradesh,Vrindavan,Prem Mandir,Temple,2012,1.5,4.8,0,Yes,None,Religious,Yes,0.49,Evening
212,Central,Uttar Pradesh,Porbandar,Kirti Mandir,Memorial,1950,1,4.8,0,Yes,None,Historical,Yes,0.03,Morning
213,Central,Uttar Pradesh,Mathura,Nand Gaon,Village,Unknown,1,4.1,0,Yes,None,Cultural,Yes,0.01,Morning
214,Central,Uttar Pradesh,Mathura,Barsana Mandir,Temple,Unknown,1,4.8,0,Yes,None,Religious,Yes,0.1,Morning
215,Eastern,West Bengal,Darjeeling,Tiger Hill,Sunrise Point,Unknown,1,4.5,0,No,None,Nature,Yes,0.025,All
216,Eastern,West Bengal,Siliguri,Jaldapara National Park,Wildlife Sanctuary,1941,3,4.4,250,Yes,None,Wildlife,Yes,0.035,All
217,Eastern,West Bengal,Sundarbans,Sundarbans National Park,National Park,1984,4,4.4,60,No,None,Wildlife,Yes,0.065,All
218,Eastern,West Bengal,Digha,Digha Beach,Beach,Unknown,1.5,4.5,0,No,None,Recreational,Yes,0.09,Morning
219,Eastern,West Bengal,Murshidabad,Hazarduari Palace,Palace,1837,1.5,4.5,10,Yes,Friday,Historical,Yes,0.18,Morning
220,Eastern,West Bengal,Bolpur,Kankalitala Temple,Temple,Unknown,0.5,4.7,0,Yes,None,Religious,No,0.045,All
221,Eastern,West Bengal,Hooghly,Hangseswari Temple,Temple,1814,0.5,4.6,0,Yes,None,Architectural,No,0.07,All
222,Eastern,West Bengal,Jalpaiguri,Gorumara National Park,National Park,1949,3,4.4,100,Yes,None,Wildlife,Yes,0.07,All
223,Eastern,West Bengal,Cooch Behar,Cooch Behar Palace,Palace,1887,1,4.5,20,Yes,Friday,Historical,Yes,0.09,All
224,Eastern,West Bengal,Purulia,Ayodhya Hills,Hill,Unknown,2.5,4.5,0,No,None,Nature,Yes,0.15,All
225,Eastern,Odisha,Puri,Jagannath Temple,Temple,12th century,2,4.7,0,Yes,None,Religious,No,1,All
226,Eastern,Odisha,Konark,Sun Temple,Temple,1250,1.5,4.7,40,Yes,None,Historical,Yes,0.83,All
227,Eastern,Odisha,Bhubaneswar,Lingaraj Temple,Temple,11th century,1,4.6,0,Yes,None,Religious,No,0.35,All
228,Eastern,Odisha,Rourkela,Khandadhar Waterfall,Waterfall,Unknown,1.5,4.5,0,No,None,Nature,Yes,1.2,All
229,Eastern,Odisha,Cuttack,Barabati Fort,Fort,-987,1,4.5,0,Yes,None,Historical,Yes,0.13,All
230,Eastern,Odisha,Sambalpur,Hirakud Dam,Dam,1957,1,4.5,0,No,None,Engineering Marvel,Yes,0.01,All
231,Eastern,Odisha,Chilika,Chilika Lake,Lake,Unknown,2,3.9,0,Yes,None,Nature,Yes,0.1,Morning
232,Eastern,Odisha,Berhampur,Tara Tarini Temple,Temple,Ancient,1,4.6,0,Yes,None,Religious,No,0.01,All
233,Eastern,Odisha,Keonjhar,Badaghagara Waterfall,Waterfall,Unknown,1,4.3,0,No,None,Nature,Yes,0.018,Morning
234,Eastern,Odisha,Balasore,Chandipur Beach,Beach,Unknown,1.5,4.2,0,Yes,None,Recreational,Yes,0.014,Morning
235,Eastern,Odisha,Kendujhar,Sanaghagara Waterfall,Waterfall,Unknown,1,4.4,0,No,None,Nature,Yes,0.055,All
236,Southern,Tamil Nadu,Chennai,Marina Beach,Beach,Unknown,1.5,3.9,0,Yes,None,Recreational,Yes,0.1,Morning
237,Southern,Tamil Nadu,Madurai,Meenakshi Amman Temple,Temple,6th century AD,2,4.7,0,Yes,None,Religious,No,0.65,All
238,Southern,Tamil Nadu,Rameswaram,Ramanathaswamy Temple,Temple,12th century,1.5,4.6,0,No,None,Religious,No,0.01,All
239,Southern,Tamil Nadu,Kanyakumari,Vivekananda Rock Memorial,Memorial,1970,1,4.6,20,Yes,None,Historical,No,0.47,Morning
240,Southern,Tamil Nadu,Ooty,Ooty Lake,Lake,1824,1,4.1,10,Yes,None,Recreational,Yes,0.61,Morning
241,Southern,Tamil Nadu,Coimbatore,Marudamalai Temple,Temple,12th century,1,4.7,0,Yes,None,Religious,No,0.3,All
242,Southern,Tamil Nadu,Kodaikanal,Kodaikanal Lake,Lake,1863,2,3.9,0,No,None,Recreational,Yes,0.1,Morning
243,Southern,Tamil Nadu,Thanjavur,Brihadeeswarar Temple,Temple,110,1.5,4.8,0,Yes,None,Religious,No,0.35,All
244,Southern,Tamil Nadu,Mahabalipuram,Shore Temple,Temple,7th century,1,4.6,40,Yes,None,Historical,No,0.09,All
245,Southern,Tamil Nadu,Yercaud,Yercaud Lake,Lake,Unknown,1,4.2,0,No,None,Recreational,Yes,0.019,Morning
246,Southern,Tamil Nadu,Tirunelveli,Nellaiappar Temple,Temple,7th century,1,4.6,0,Yes,None,Religious,No,0.16,All
247,Southern,Tamil Nadu,Chidambaram,Nataraja Temple,Temple,10th century,1,4.7,0,Yes,None,Religious,No,0.28,All
248,Southern,Andhra Pradesh,Vijayawada,Kanaka Durga Temple,Temple,Unknown,1,4.7,0,Yes,None,Religious,No,0.44,All
249,Southern,Andhra Pradesh,Visakhapatnam,Rishikonda Beach,Beach,Unknown,1.5,4.5,0,Yes,None,Recreational,Yes,0.39,Morning
250,Southern,Andhra Pradesh,Srisailam,Mallikarjuna Swamy Temple,Temple,14th century,1,4.7,0,No,None,Religious,No,0.49,All
251,Southern,Andhra Pradesh,Rajahmundry,Papikondalu,Hill,Unknown,2,4.3,0,Yes,None,Nature,Yes,0.032,All
252,Southern,Andhra Pradesh,Anantapur,Lepakshi,Site,16th century,1.5,4.6,0,No,None,Historical,Yes,0.075,All
253,Southern,Andhra Pradesh,Kurnool,Belum Caves,Cave,Unknown,1.5,4.4,65,Yes,None,Natural Wonder,Yes,0.11,Afternoon
254,Southern,Andhra Pradesh,Amravati,Amaravathi Temple,Temple,Unknown,1,4.7,0,Yes,None,Religious,No,0.041,All
255,Southern,Andhra Pradesh,Guntur,Uppalapadu Bird Sanctuary,Bird Sanctuary,Unknown,1,4.4,10,Yes,None,Wildlife,Yes,0.7,All
256,Southern,Andhra Pradesh,Kadapa,Gandikota Fort,Fort,12th century,1.5,4.5,0,No,None,Historical,Yes,0.015,Morning
257,Southern,Andhra Pradesh,Puttaparthi,Prasanthi Nilayam,Spiritual Center,1950,1,4.7,0,Yes,None,Religious,Yes,0.12,All
258,Southern,Andhra Pradesh,Vizianagaram,Simhachalam Temple,Temple,198,1,4.7,0,Yes,None,Religious,No,0.59,All
259,Southern,Andhra Pradesh,Visakhapatnam,Kailasagiri,Hill,Unknown,2,4.5,0,Yes,None,Recreational,Yes,0.019,All
260,Southern,Andhra Pradesh,Visakhapatnam,Submarine Museum,Museum,22,1,4.6,40,Yes,None,Historical,Yes,0.49,All
261,Southern,Andhra Pradesh,Visakhapatnam,Borra Caves,Cave,Unknown,2,4.5,60,No,None,Natural Wonder,Yes,0.31,Afternoon
262,Southern,Andhra Pradesh,Visakhapatnam,War Memorial,War Memorial,Unknown,1,4.6,0,Yes,None,Historical,Yes,0.059,All
263,Southern,Andhra Pradesh,Visakhapatnam,Indira Gandhi Zoological Park,Zoo,1977,2,4.1,20,Yes,Monday,Wildlife,Yes,0.25,Afternoon
264,Southern,Andhra Pradesh,Visakhapatnam,Matsyadarshini Aquarium,Aquarium,Unknown,1,3.8,20,Yes,None,Recreational,Yes,0.03,All
265,Southern,Andhra Pradesh,Visakhapatnam,Visakha Museum,Museum,1991,1,4.3,10,Yes,None,Cultural,Yes,0.065,All
266,Eastern,Sikkim,Gangtok,Nathula Pass,Hill,Unknown,2,4.3,20,Yes,None,Historical,Yes,0.15,Afternoon
267,Eastern,Sikkim,Pelling,Pemayangtse Monastery,Monastery,1705,1,4.6,20,No,None,Religious,No,0.015,Morning
268,Eastern,Sikkim,Namchi,Char Dham,Religious Complex,211,2,4.7,50,Yes,None,Religious,No,0.12,All
269,Eastern,Sikkim,Gangtok,Rumtek Monastery,Monastery,1960s,1,4.6,10,Yes,None,Religious,No,0.035,Morning
270,Eastern,Sikkim,Ravangla,Buddha Park,Park,213,1,4.8,50,Yes,None,Cultural,Yes,0.1,All
271,Eastern,Sikkim,Gangtok,Baba Harbhajan Singh Temple,Temple,1967,1,4.7,0,Yes,None,Religious,No,0.075,All
272,Eastern,Sikkim,Gangtok,Tsomgo Lake,Lake,Unknown,2,4.5,0,Yes,None,Nature,Yes,0.15,Morning
273,North Eastern,Assam,Guwahati,Kamakhya Temple,Temple,Unknown,2,4.6,0,Yes,None,Religious,No,0.21,All
274,North Eastern,Assam,Kaziranga,Kaziranga National Park,National Park,1905,3,4.5,650,No,None,Wildlife,No,0.068,Morning
275,North Eastern,Assam,Guwahati,Umananda Island,Island,Unknown,1,4.1,0,Yes,None,Nature,Yes,0.01,Morning
276,North Eastern,Assam,Sivasagar,Sivasagar Sivadol,Temple,1734,1,4.7,0,No,None,Historical,Yes,0.065,All
277,North Eastern,Assam,Majuli,Majuli Island,River Island,Unknown,2,4.7,0,No,None,Cultural,Yes,0.01,Morning
278,North Eastern,Assam,Manas,Manas National Park,National Park,1990,3,4.6,500,No,None,Wildlife,Yes,0.19,Morning
279,North Eastern,Assam,Hajo,Hayagriva Madhava Temple,Temple,Unknown,1,4.5,0,No,None,Religious,Yes,0.9,All
280,North Eastern,Assam,Guwahati,Pobitora Wildlife Sanctuary,Wildlife Sanctuary,1987,2,4.4,500,Yes,None,Wildlife,Yes,0.037,All
281,North Eastern,Arunachal Pradesh,Tawang,Tawang Monastery,Monastery,1680,2,4.7,0,No,None,Religious,No,0.032,Morning
282,North Eastern,Tripura,Agartala,Ujjayanta Palace,Palace,1901,1.5,4.5,10,Yes,Monday,Historical,Yes,0.035,All
283,North Eastern,Tripura,Dumboor,Dumboor Lake,Lake,Unknown,1,4.5,0,No,None,Nature,Yes,0.01,Morning
284,North Eastern,Tripura,Unakoti,Unakoti Rock Carvings,Rock Carvings,700,1.5,4.5,20,No,None,Historical,Yes,0.025,Morning
285,Central,Chhattisgarh,Bastar,Chitrakote Falls,Waterfall,Unknown,1.5,4.6,0,No,None,Nature,Yes,0.19,Morning
286,North Eastern,Nagaland,Dzükou Valley,Dzükou Valley,Valley,Unknown,3,4.7,0,No,None,Trekking,Yes,0.01,Afternoon
287,Southern,Puducherry,Puducherry,Promenade Beach,Beach,Unknown,1,4.5,0,Yes,None,Recreational,Yes,0.09,Morning
288,Southern,Puducherry,Auroville,Auroville,Township,1968,2,4.1,0,Yes,None,Cultural,Yes,0.035,All
289,Southern,Puducherry,Puducherry,Paradise Beach,Beach,Unknown,1,4.5,200,Yes,None,Recreational,Yes,0.015,Morning
290,Southern,Andaman and Nicobar Islands,Port Blair,Cellular Jail,Landmark,1906,1.5,4.7,30,Yes,Monday,Historical,Yes,0.12,Afternoon
291,Southern,Andaman and Nicobar Islands,Havelock Island,Radhanagar Beach,Beach,Unknown,1,4.8,0,No,None,Nature,Yes,0.09,Morning
292,Southern,Andaman and Nicobar Islands,Neil Island,Bharatpur Beach,Beach,Unknown,1,4.5,0,No,None,Nature,Yes,0.04,Morning
293,Southern,Andaman and Nicobar Islands,Baratang Island,Limestone Caves,Natural Feature,Unknown,1.5,4.4,250,No,None,Nature,Yes,0.015,Morning
294,Western,Daman and Diu,Diu,Naida Caves,Cave,Unknown,1,4.5,0,No,None,Nature,Yes,0.6,Afternoon
295,Western,Daman and Diu,Diu,Diu Fort,Fort,1535,1.5,4.6,0,No,None,Historical,Yes,1.2,Afternoon
296,Eastern,Jharkhand,Deoghar,Baba Baidyanath Temple,Temple,Unknown,1,4.7,0,Yes,None,Religious,Yes,1.8,All
297,Eastern,Jharkhand,Ranchi,Pahari Mandir,Temple,Unknown,1,4.6,0,Yes,None,Religious,Yes,0.13,All
298,Eastern,Bihar,Bodh Gaya,Mahabodhi Temple,Temple,-260,1.5,4.7,0,Yes,None,Religious,Yes,0.2,All
299,Eastern,Bihar,Patna,Sanjay Gandhi Biological Park,Zoo,Unknown,2.5,4.3,30,Yes,None,Wildlife,Yes,0.5,All
300,Eastern,Bihar,Patna,Takhat Shri Harimandir Ji Patna Sahib,Gurudwara,Unknown,1,4.7,0,Yes,None,Religious,Yes,0.25,All
301,Eastern,Bihar,Patna,Budhha Smriti Park,Park,Unknown,1,4.4,10,Yes,None,Cultural,Yes,0.31,All
302,Northern,Haryana,Gurugram,Kingdom of Dreams,Entertainment,2010,3,4.4,1100,Yes,Monday,Entertainment,Yes,0.3,Afternoon
303,Northern,Haryana,Gurugram,Ambience Mall,Mall,Unknown,2,4.6,0,Yes,None,Shopping,Yes,1.2,Afternoon
304,Northern,Haryana,Gurugram,DLF CyberHub,Commercial Complex,Unknown,2,4.7,0,Yes,None,Entertainment,Yes,0.71,Afternoon
305,Northern,Delhi,New Delhi,Gurudwara Bangla Sahib,Gurudwara,Unknown,1,4.8,0,Yes,None,Religious,Yes,1.05,All
306,Northern,Uttarakhand,Kedarnath,Kedarnath,Temple,Unknown,1.5,4.8,0,No,None,Religious,No,2,All
307,Central,Uttar Pradesh,Noida,DLF Mall of India,Mall,2016,2,4.6,0,Yes,None,Shopping,Yes,1.5,All
308,Central,Uttar Pradesh,Greater Noida,The Grand Venice Mall,Mall,Unknown,2,4.2,0,Yes,None,Shopping,Yes,0.45,All
309,Southern,Karnataka,Bengaluru,Wonderla Amusement Park,Amusement Park,2005,4,4.5,890,Yes,None,Entertainment,Yes,0.95,All
310,Eastern,Odisha,Bhubaneswar,Nandankanan Zoological Park,Zoo,1960,3,4.4,50,Yes,Monday,Wildlife,Yes,0.81,Afternoon
311,Southern,Karnataka,Bengaluru,Orion Mall,Mall,2012,2,4.5,0,Yes,None,Shopping,Yes,1.8,All
312,Southern,Telangana,Hyderabad,Inorbit Mall Cyberabad,Mall,2004,2,4.5,0,Yes,None,Shopping,Yes,1.2,All
313,Northern,Delhi,New Delhi,Jama Masjid,Mosque,1656,1,4.5,0,Yes,None,Historical,Yes,0.49,All
314,Southern,Tamil Nadu,Rameswaram,Ramanathaswamy Temple,Temple,Unknown,1.5,4.7,0,Yes,None,Religious,No,0.1,All
315,Central,Uttar Pradesh,Greater Noida,Buddh International Circuit,Race Track,2011,2,4.6,1500,Yes,Sunday,Sports,Yes,7.4,All
316,Central,Uttar Pradesh,Lucknow,Phoenix Palassio,Mall,2020,2,4.6,0,Yes,None,Shopping,Yes,0.35,All
317,Southern,Kerala,Kochi,LuLu International Shopping Mall,Mall,2013,3,4.6,0,Yes,None,Shopping,Yes,1.9,All
318,Northern,Delhi,New Delhi,Rail Museum,Museum,1977,2,4.4,50,Yes,Monday,Cultural,Yes,0.24,Morning
319,North Eastern,Meghalaya,Cherrapunji,Living Root Bridge,Natural Feature,Unknown,2,4.6,0,No,None,Nature,Yes,0.06,Morning
320,Western,Gujarat,Gandhinagar,Akshardham,Temple,1992,3,4.6,0,Yes,Monday,Religious,No,0.18,All
321,Central,Uttar Pradesh,Agra,Agra Fort,Fort,1565,2,4.5,40,Yes,None,Historical,Yes,1.3,Afternoon
322,Central,Madhya Pradesh,Bhopal,Madhya Pradesh Tribal Museum,Museum,2013,2,4.7,10,Yes,Monday,Cultural,Yes,0.15,All
323,Northern,Rajasthan,Jaipur,City Palace,Palace,1727,2,4.4,200,Yes,None,Historical,Yes,0.51,Morning
324,Northern,Rajasthan,Jaipur,Albert Hall Museum,Museum,1887,2,4.5,200,Yes,None,Historical,Yes,0.63,All
325,Southern,Tamil Nadu,Chennai,Marina Beach #1,Beach,1800,2.5,4.4,0,Yes,,Natural,Yes,1.8,Evening
326,Western,Rajasthan,Jodhpur,Mehrangarh Fort #2,Fort,1459,3,4.7,100,Yes,,Historical,Yes,1.5,Winter
327,Northern,Uttarakhand,Rishikesh,Laxman Jhula #3,Bridge,1939,1,4.3,0,Yes,,Religious,Yes,1.2,Morning
328,Northern,Uttarakhand,Rishikesh,Laxman Jhula #4,Bridge,1939,1,4.3,0,Yes,,Religious,Yes,1.2,Morning
329,Eastern,West Bengal,Darjeeling,Tiger Hill #5,View Point,1850,1.5,4.5,10,Yes,,Scenic,Yes,0.75,Early Morning
330,Southern,Kerala,Alleppey,Alleppey Backwaters #6,Backwater,1900,4,4.6,200,Yes,,Scenic,Yes,1.1,Winter
331,Southern,Tamil Nadu,Chennai,Marina Beach #7,Beach,1800,2.5,4.4,0,Yes,,Natural,Yes,1.8,Evening
332,Southern,Tamil Nadu,Chennai,Marina Beach #8,Beach,1800,2.5,4.4,0,Yes,,Natural,Yes,1.8,Evening
333,Northern,Uttarakhand,Rishikesh,Laxman Jhula #9,Bridge,1939,1,4.3,0,Yes,,Religious,Yes,1.2,Morning
334,Southern,Kerala,Alleppey,Alleppey Backwaters #10,Backwater,1900,4,4.6,200,Yes,,Scenic,Yes,1.1,Winter
335,Southern,Tamil Nadu,Chennai,Marina Beach #11,Beach,1800,2.5,4.4,0,Yes,,Natural,Yes,1.8,Evening
336,Southern,Kerala,Alleppey,Alleppey Backwaters #12,Backwater,1900,4,4.6,200,Yes,,Scenic,Yes,1.1,Winter
337,Southern,Tamil Nadu,Chennai,Marina Beach #13,Beach,1800,2.5,4.4,0,Yes,,Natural,Yes,1.8,Evening
338,Eastern,West Bengal,Darjeeling,Tiger Hill #14,View Point,1850,1.5,4.5,10,Yes,,Scenic,Yes,0.75,Early Morning
339,Eastern,West Bengal,Darjeeling,Tiger Hill #15,View Point,1850,1.5,4.5,10,Yes,,Scenic,Yes,0.75,Early Morning
340,Eastern,West Bengal,Darjeeling,Tiger Hill #16,View Point,1850,1.5,4.5,10,Yes,,Scenic,Yes,0.75,Early Morning
341,Western,Rajasthan,Jodhpur,Mehrangarh Fort #17,Fort,1459,3,4.7,100,Yes,,Historical,Yes,1.5,Winter
342,Northern,Uttarakhand,Rishikesh,Laxman Jhula #18,Bridge,1939,1,4.3,0,Yes,,Religious,Yes,1.2,Morning
343,Southern,Kerala,Alleppey,Alleppey Backwaters #19,Backwater,1900,4,4.6,200,Yes,,Scenic,Yes,1.1,Winter
344,Western,Rajasthan,Jodhpur,Mehrangarh Fort #20,Fort,1459,3,4.7,100,Yes,,Historical,Yes,1.5,Winter
345,Southern,Tamil Nadu,Chennai,Marina Beach #21,Beach,1800,2.5,4.4,0,Yes,,Natural,Yes,1.8,Evening
346,Southern,Tamil Nadu,Chennai,Marina Beach #22,Beach,1800,2.5,4.4,0,Yes,,Natural,Yes,1.8,Evening
347,Eastern,West Bengal,Darjeeling,Tiger Hill #23,View Point,1850,1.5,4.5,10,Yes,,Scenic,Yes,0.75,Early Morning
348,Eastern,West Bengal,Darjeeling,Tiger Hill #24,View Point,1850,1.5,4.5,10,Yes,,Scenic,Yes,0.75,Early Morning
349,Eastern,West Bengal,Darjeeling,Tiger Hill #25,View Point,1850,1.5,4.5,10,Yes,,Scenic,Yes,0.75,Early Morning
350,Western,Rajasthan,Jodhpur,Mehrangarh Fort #26,Fort,1459,3,4.7,100,Yes,,Historical,Yes,1.5,Winter
351,Southern,Kerala,Alleppey,Alleppey Backwaters #27,Backwater,1900,4,4.6,200,Yes,,Scenic,Yes,1.1,Winter
352,Western,Rajasthan,Jodhpur,Mehrangarh Fort #28,Fort,1459,3,4.7,100,Yes,,Historical,Yes,1.5,Winter
353,Northern,Uttarakhand,Rishikesh,Laxman Jhula #29,Bridge,1939,1,4.3,0,Yes,,Religious,Yes,1.2,Morning
354,Southern,Kerala,Alleppey,Alleppey Backwaters #30,Backwater,1900,4,4.6,200,Yes,,Scenic,Yes,1.1,Winter
355,Western,Rajasthan,Jodhpur,Mehrangarh Fort #31,Fort,1459,3,4.7,100,Yes,,Historical,Yes,1.5,Winter
356,Eastern,West Bengal,Darjeeling,Tiger Hill #32,View Point,1850,1.5,4.5,10,Yes,,Scenic,Yes,0.75,Early Morning
357,Southern,Tamil Nadu,Chennai,Marina Beach #33,Beach,1800,2.5,4.4,0,Yes,,Natural,Yes,1.8,Evening
358,Northern,Uttarakhand,Rishikesh,Laxman Jhula #34,Bridge,1939,1,4.3,0,Yes,,Religious,Yes,1.2,Morning
359,Western,Rajasthan,Jodhpur,Mehrangarh Fort #35,Fort,1459,3,4.7,100,Yes,,Historical,Yes,1.5,Winter
360,Eastern,West Bengal,Darjeeling,Tiger Hill #36,View Point,1850,1.5,4.5,10,Yes,,Scenic,Yes,0.75,Early Morning
361,Western,Rajasthan,Jodhpur,Mehrangarh Fort #37,Fort,1459,3,4.7,100,Yes,,Historical,Yes,1.5,Winter
362,Southern,Kerala,Alleppey,Alleppey Backwaters #38,Backwater,1900,4,4.6,200,Yes,,Scenic,Yes,1.1,Winter
363,Eastern,West Bengal,Darjeeling,Tiger Hill #39,View Point,1850,1.5,4.5,10,Yes,,Scenic,Yes,0.75,Early Morning
364,Northern,Uttarakhand,Rishikesh,Laxman Jhula #40,Bridge,1939,1,4.3,0,Yes,,Religious,Yes,1.2,Morning
365,Western,Rajasthan,Jodhpur,Mehrangarh Fort #41,Fort,1459,3,4.7,100,Yes,,Historical,Yes,1.5,Winter
366,Eastern,West Bengal,Darjeeling,Tiger Hill #42,View Point,1850,1.5,4.5,10,Yes,,Scenic,Yes,0.75,Early Morning
367,Northern,Uttarakhand,Rishikesh,Laxman Jhula #43,Bridge,1939,1,4.3,0,Yes,,Religious,Yes,1.2,Morning
368,Southern,Kerala,Alleppey,Alleppey Backwaters #44,Backwater,1900,4,4.6,200,Yes,,Scenic,Yes,1.1,Winter
369,Eastern,West Bengal,Darjeeling,Tiger Hill #45,View Point,1850,1.5,4.5,10,Yes,,Scenic,Yes,0.75,Early Morning
370,Southern,Kerala,Alleppey,Alleppey Backwaters #46,Backwater,1900,4,4.6,200,Yes,,Scenic,Yes,1.1,Winter
371,Western,Rajasthan,Jodhpur,Mehrangarh Fort #47,Fort,1459,3,4.7,100,Yes,,Historical,Yes,1.5,Winter
372,Western,Rajasthan,Jodhpur,Mehrangarh Fort #48,Fort,1459,3,4.7,100,Yes,,Historical,Yes,1.5,Winter
373,Southern,Tamil Nadu,Chennai,Marina Beach #49,Beach,1800,2.5,4.4,0,Yes,,Natural,Yes,1.8,Evening
374,Southern,Tamil Nadu,Chennai,Marina Beach #50,Beach,1800,2.5,4.4,0,Yes,,Natural,Yes,1.8,Evening
375,Southern,Tamil Nadu,Chennai,Marina Beach #51,Beach,1800,2.5,4.4,0,Yes,,Natural,Yes,1.8,Evening
376,Northern,Uttarakhand,Rishikesh,Laxman Jhula #52,Bridge,1939,1,4.3,0,Yes,,Religious,Yes,1.2,Morning
377,Southern,Kerala,Alleppey,Alleppey Backwaters #53,Backwater,1900,4,4.6,200,Yes,,Scenic,Yes,1.1,Winter
378,Southern,Kerala,Alleppey,Alleppey Backwaters #54,Backwater,1900,4,4.6,200,Yes,,Scenic,Yes,1.1,Winter
379,Southern,Tamil Nadu,Chennai,Marina Beach #55,Beach,1800,2.5,4.4,0,Yes,,Natural,Yes,1.8,Evening
380,Southern,Kerala,Alleppey,Alleppey Backwaters #56,Backwater,1900,4,4.6,200,Yes,,Scenic,Yes,1.1,Winter
381,Western,Rajasthan,Jodhpur,Mehrangarh Fort #57,Fort,1459,3,4.7,100,Yes,,Historical,Yes,1.5,Winter
382,Southern,Kerala,Alleppey,Alleppey Backwaters #58,Backwater,1900,4,4.6,200,Yes,,Scenic,Yes,1.1,Winter
383,Western,Rajasthan,Jodhpur,Mehrangarh Fort #59,Fort,1459,3,4.7,100,Yes,,Historical,Yes,1.5,Winter
384,Eastern,West Bengal,Darjeeling,Tiger Hill #60,View Point,1850,1.5,4.5,10,Yes,,Scenic,Yes,0.75,Early Morning
385,Eastern,West Bengal,Darjeeling,Tiger Hill #61,View Point,1850,1.5,4.5,10,Yes,,Scenic,Yes,0.75,Early Morning
386,Southern,Tamil Nadu,Chennai,Marina Beach #62,Beach,1800,2.5,4.4,0,Yes,,Natural,Yes,1.8,Evening
387,Northern,Uttarakhand,Rishikesh,Laxman Jhula #63,Bridge,1939,1,4.3,0,Yes,,Religious,Yes,1.2,Morning
388,Western,Rajasthan,Jodhpur,Mehrangarh Fort #64,Fort,1459,3,4.7,100,Yes,,Historical,Yes,1.5,Winter
389,Northern,Uttarakhand,Rishikesh,Laxman Jhula #65,Bridge,1939,1,4.3,0,Yes,,Religious,Yes,1.2,Morning
390,Eastern,West Bengal,Darjeeling,Tiger Hill #66,View Point,1850,1.5,4.5,10,Yes,,Scenic,Yes,0.75,Early Morning
391,Western,Rajasthan,Jodhpur,Mehrangarh Fort #67,Fort,1459,3,4.7,100,Yes,,Historical,Yes,1.5,Winter
392,Northern,Uttarakhand,Rishikesh,Laxman Jhula #68,Bridge,1939,1,4.3,0,Yes,,Religious,Yes,1.2,Morning
393,Western,Rajasthan,Jodhpur,Mehrangarh Fort #69,Fort,1459,3,4.7,100,Yes,,Historical,Yes,1.5,Winter
394,Western,Rajasthan,Jodhpur,Mehrangarh Fort #70,Fort,1459,3,4.7,100,Yes,,Historical,Yes,1.5,Winter
395,Northern,Uttarakhand,Rishikesh,Laxman Jhula #71,Bridge,1939,1,4.3,0,Yes,,Religious,Yes,1.2,Morning
396,Western,Rajasthan,Jodhpur,Mehrangarh Fort #72,Fort,1459,3,4.7,100,Yes,,Historical,Yes,1.5,Winter
397,Southern,Kerala,Alleppey,Alleppey Backwaters #73,Backwater,1900,4,4.6,200,Yes,,Scenic,Yes,1.1,Winter
398,Western,Rajasthan,Jodhpur,Mehrangarh Fort #74,Fort,1459,3,4.7,100,Yes,,Historical,Yes,1.5,Winter
399,Eastern,West Bengal,Darjeeling,Tiger Hill #75,View Point,1850,1.5,4.5,10,Yes,,Scenic,Yes,0.75,Early Morning
400,Western,Rajasthan,Jodhpur,Mehrangarh Fort #76,Fort,1459,3,4.7,100,Yes,,Historical,Yes,1.5,Winter
401,Southern,Kerala,Alleppey,Alleppey Backwaters #77,Backwater,1900,4,4.6,200,Yes,,Scenic,Yes,1.1,Winter
402,Southern,Kerala,Alleppey,Alleppey Backwaters #78,Backwater,1900,4,4.6,200,Yes,,Scenic,Yes,1.1,Winter
403,Eastern,West Bengal,Darjeeling,Tiger Hill #79,View Point,1850,1.5,4.5,10,Yes,,Scenic,Yes,0.75,Early Morning
404,Western,Rajasthan,Jodhpur,Mehrangarh Fort #80,Fort,1459,3,4.7,100,Yes,,Historical,Yes,1.5,Winter
405,Southern,Kerala,Alleppey,Alleppey Backwaters #81,Backwater,1900,4,4.6,200,Yes,,Scenic,Yes,1.1,Winter
406,Eastern,West Bengal,Darjeeling,Tiger Hill #82,View Point,1850,1.5,4.5,10,Yes,,Scenic,Yes,0.75,Early Morning
407,Northern,Uttarakhand,Rishikesh,Laxman Jhula #83,Bridge,1939,1,4.3,0,Yes,,Religious,Yes,1.2,Morning
408,Eastern,West Bengal,Darjeeling,Tiger Hill #84,View Point,1850,1.5,4.5,10,Yes,,Scenic,Yes,0.75,Early Morning
409,Eastern,West Bengal,Darjeeling,Tiger Hill #85,View Point,1850,1.5,4.5,10,Yes,,Scenic,Yes,0.75,Early Morning
410,Southern,Kerala,Alleppey,Alleppey Backwaters #86,Backwater,1900,4,4.6,200,Yes,,Scenic,Yes,1.1,Winter
411,Northern,Uttarakhand,Rishikesh,Laxman Jhula #87,Bridge,1939,1,4.3,0,Yes,,Religious,Yes,1.2,Morning
412,Northern,Uttarakhand,Rishikesh,Laxman Jhula #88,Bridge,1939,1,4.3,0,Yes,,Religious,Yes,1.2,Morning
413,Western,Rajasthan,Jodhpur,Mehrangarh Fort #89,Fort,1459,3,4.7,100,Yes,,Historical,Yes,1.5,Winter
414,Western,Rajasthan,Jodhpur,Mehrangarh Fort #90,Fort,1459,3,4.7,100,Yes,,Historical,Yes,1.5,Winter
415,Northern,Uttarakhand,Rishikesh,Laxman Jhula #91,Bridge,1939,1,4.3,0,Yes,,Religious,Yes,1.2,Morning
416,Eastern,West Bengal,Darjeeling,Tiger Hill #92,View Point,1850,1.5,4.5,10,Yes,,Scenic,Yes,0.75,Early Morning
417,Eastern,West Bengal,Darjeeling,Tiger Hill #93,View Point,1850,1.5,4.5,10,Yes,,Scenic,Yes,0.75,Early Morning
418,Southern,Tamil Nadu,Chennai,Marina Beach #94,Beach,1800,2.5,4.4,0,Yes,,Natural,Yes,1.8,Evening
419,Southern,Tamil Nadu,Chennai,Marina Beach #95,Beach,1800,2.5,4.4,0,Yes,,Natural,Yes,1.8,Evening
420,Western,Rajasthan,Jodhpur,Mehrangarh Fort #96,Fort,1459,3,4.7,100,Yes,,Historical,Yes,1.5,Winter
421,Eastern,West Bengal,Darjeeling,Tiger Hill #97,View Point,1850,1.5,4.5,10,Yes,,Scenic,Yes,0.75,Early Morning
422,Southern,Tamil Nadu,Chennai,Marina Beach #98,Beach,1800,2.5,4.4,0,Yes,,Natural,Yes,1.8,Evening
423,Eastern,West Bengal,Darjeeling,Tiger Hill #99,View Point,1850,1.5,4.5,10,Yes,,Scenic,Yes,0.75,Early Morning
424,Southern,Tamil Nadu,Chennai,Marina Beach #100,Beach,1800,2.5,4.4,0,Yes,,Natural,Yes,1.8,Evening
425,Eastern,West Bengal,Darjeeling,Tiger Hill #101,View Point,1850,1.5,4.5,10,Yes,,Scenic,Yes,0.75,Early Morning
426,Eastern,West Bengal,Darjeeling,Tiger Hill #102,View Point,1850,1.5,4.5,10,Yes,,Scenic,Yes,0.75,Early Morning
427,Southern,Kerala,Alleppey,Alleppey Backwaters #103,Backwater,1900,4,4.6,200,Yes,,Scenic,Yes,1.1,Winter
428,Southern,Tamil Nadu,Chennai,Marina Beach #104,Beach,1800,2.5,4.4,0,Yes,,Natural,Yes,1.8,Evening
429,Northern,Uttarakhand,Rishikesh,Laxman Jhula #105,Bridge,1939,1,4.3,0,Yes,,Religious,Yes,1.2,Morning
430,Southern,Tamil Nadu,Chennai,Marina Beach #106,Beach,1800,2.5,4.4,0,Yes,,Natural,Yes,1.8,Evening
431,Southern,Tamil Nadu,Chennai,Marina Beach #107,Beach,1800,2.5,4.4,0,Yes,,Natural,Yes,1.8,Evening
432,Northern,Uttarakhand,Rishikesh,Laxman Jhula #108,Bridge,1939,1,4.3,0,Yes,,Religious,Yes,1.2,Morning
433,Southern,Kerala,Alleppey,Alleppey Backwaters #109,Backwater,1900,4,4.6,200,Yes,,Scenic,Yes,1.1,Winter
434,Northern,Uttarakhand,Rishikesh,Laxman Jhula #110,Bridge,1939,1,4.3,0,Yes,,Religious,Yes,1.2,Morning
435,Southern,Tamil Nadu,Chennai,Marina Beach #111,Beach,1800,2.5,4.4,0,Yes,,Natural,Yes,1.8,Evening
436,Southern,Kerala,Alleppey,Alleppey Backwaters #112,Backwater,1900,4,4.6,200,Yes,,Scenic,Yes,1.1,Winter
437,Southern,Kerala,Alleppey,Alleppey Backwaters #113,Backwater,1900,4,4.6,200,Yes,,Scenic,Yes,1.1,Winter
438,Eastern,West Bengal,Darjeeling,Tiger Hill #114,View Point,1850,1.5,4.5,10,Yes,,Scenic,Yes,0.75,Early Morning
439,Northern,Uttarakhand,Rishikesh,Laxman Jhula #115,Bridge,1939,1,4.3,0,Yes,,Religious,Yes,1.2,Morning
440,Northern,Uttarakhand,Rishikesh,Laxman Jhula #116,Bridge,1939,1,4.3,0,Yes,,Religious,Yes,1.2,Morning
441,Southern,Kerala,Alleppey,Alleppey Backwaters #117,Backwater,1900,4,4.6,200,Yes,,Scenic,Yes,1.1,Winter
442,Southern,Tamil Nadu,Chennai,Marina Beach #118,Beach,1800,2.5,4.4,0,Yes,,Natural,Yes,1.8,Evening
443,Eastern,West Bengal,Darjeeling,Tiger Hill #119,View Point,1850,1.5,4.5,10,Yes,,Scenic,Yes,0.75,Early Morning
444,Eastern,West Bengal,Darjeeling,Tiger Hill #120,View Point,1850,1.5,4.5,10,Yes,,Scenic,Yes,0.75,Early Morning
445,Eastern,West Bengal,Darjeeling,Tiger Hill #121,View Point,1850,1.5,4.5,10,Yes,,Scenic,Yes,0.75,Early Morning
446,Eastern,West Bengal,Darjeeling,Tiger Hill #122,View Point,1850,1.5,4.5,10,Yes,,Scenic,Yes,0.75,Early Morning
447,Southern,Tamil Nadu,Chennai,Marina Beach #123,Beach,1800,2.5,4.4,0,Yes,,Natural,Yes,1.8,Evening
448,Southern,Kerala,Alleppey,Alleppey Backwaters #124,Backwater,1900,4,4.6,200,Yes,,Scenic,Yes,1.1,Winter
449,Southern,Tamil Nadu,Chennai,Marina Beach #125,Beach,1800,2.5,4.4,0,Yes,,Natural,Yes,1.8,Evening
450,Southern,Tamil Nadu,Chennai,Marina Beach #126,Beach,1800,2.5,4.4,0,Yes,,Natural,Yes,1.8,Evening
451,Eastern,West Bengal,Darjeeling,Tiger Hill #127,View Point,1850,1.5,4.5,10,Yes,,Scenic,Yes,0.75,Early Morning
452,Northern,Uttarakhand,Rishikesh,Laxman Jhula #128,Bridge,1939,1,4.3,0,Yes,,Religious,Yes,1.2,Morning
453,Eastern,West Bengal,Darjeeling,Tiger Hill #129,View Point,1850,1.5,4.5,10,Yes,,Scenic,Yes,0.75,Early Morning
454,Northern,Uttarakhand,Rishikesh,Laxman Jhula #130,Bridge,1939,1,4.3,0,Yes,,Religious,Yes,1.2,Morning
455,Northern,Uttarakhand,Rishikesh,Laxman Jhula #131,Bridge,1939,1,4.3,0,Yes,,Religious,Yes,1.2,Morning
456,Southern,Kerala,Alleppey,Alleppey Backwaters #132,Backwater,1900,4,4.6,200,Yes,,Scenic,Yes,1.1,Winter
457,Western,Rajasthan,Jodhpur,Mehrangarh Fort #133,Fort,1459,3,4.7,100,Yes,,Historical,Yes,1.5,Winter
458,Southern,Tamil Nadu,Chennai,Marina Beach #134,Beach,1800,2.5,4.4,0,Yes,,Natural,Yes,1.8,Evening
459,Southern,Tamil Nadu,Chennai,Marina Beach #135,Beach,1800,2.5,4.4,0,Yes,,Natural,Yes,1.8,Evening
460,Western,Rajasthan,Jodhpur,Mehrangarh Fort #136,Fort,1459,3,4.7,100,Yes,,Historical,Yes,1.5,Winter
461,Eastern,West Bengal,Darjeeling,Tiger Hill #137,View Point,1850,1.5,4.5,10,Yes,,Scenic,Yes,0.75,Early Morning
462,Northern,Uttarakhand,Rishikesh,Laxman Jhula #138,Bridge,1939,1,4.3,0,Yes,,Religious,Yes,1.2,Morning
463,Southern,Tamil Nadu,Chennai,Marina Beach #139,Beach,1800,2.5,4.4,0,Yes,,Natural,Yes,1.8,Evening
464,Northern,Uttarakhand,Rishikesh,Laxman Jhula #140,Bridge,1939,1,4.3,0,Yes,,Religious,Yes,1.2,Morning
465,Southern,Tamil Nadu,Chennai,Marina Beach #141,Beach,1800,2.5,4.4,0,Yes,,Natural,Yes,1.8,Evening
466,Western,Rajasthan,Jodhpur,Mehrangarh Fort #142,Fort,1459,3,4.7,100,Yes,,Historical,Yes,1.5,Winter
467,Southern,Kerala,Alleppey,Alleppey Backwaters #143,Backwater,1900,4,4.6,200,Yes,,Scenic,Yes,1.1,Winter
468,Southern,Kerala,Alleppey,Alleppey Backwaters #144,Backwater,1900,4,4.6,200,Yes,,Scenic,Yes,1.1,Winter
469,Northern,Uttarakhand,Rishikesh,Laxman Jhula #145,Bridge,1939,1,4.3,0,Yes,,Religious,Yes,1.2,Morning
470,Southern,Kerala,Alleppey,Alleppey Backwaters #146,Backwater,1900,4,4.6,200,Yes,,Scenic,Yes,1.1,Winter
471,Southern,Kerala,Alleppey,Alleppey Backwaters #147,Backwater,1900,4,4.6,200,Yes,,Scenic,Yes,1.1,Winter
472,Western,Rajasthan,Jodhpur,Mehrangarh Fort #148,Fort,1459,3,4.7,100,Yes,,Historical,Yes,1.5,Winter
473,Eastern,West Bengal,Darjeeling,Tiger Hill #149,View Point,1850,1.5,4.5,10,Yes,,Scenic,Yes,0.75,Early Morning
474,Western,Rajasthan,Jodhpur,Mehrangarh Fort #150,Fort,1459,3,4.7,100,Yes,,Historical,Yes,1.5,Winter
475,Western,Rajasthan,Jodhpur,Mehrangarh Fort #151,Fort,1459,3,4.7,100,Yes,,Historical,Yes,1.5,Winter
476,Eastern,West Bengal,Darjeeling,Tiger Hill #152,View Point,1850,1.5,4.5,10,Yes,,Scenic,Yes,0.75,Early Morning
477,Northern,Uttarakhand,Rishikesh,Laxman Jhula #153,Bridge,1939,1,4.3,0,Yes,,Religious,Yes,1.2,Morning
478,Western,Rajasthan,Jodhpur,Mehrangarh Fort #154,Fort,1459,3,4.7,100,Yes,,Historical,Yes,1.5,Winter
479,Southern,Tamil Nadu,Chennai,Marina Beach #155,Beach,1800,2.5,4.4,0,Yes,,Natural,Yes,1.8,Evening
480,Southern,Tamil Nadu,Chennai,Marina Beach #156,Beach,1800,2.5,4.4,0,Yes,,Natural,Yes,1.8,Evening
481,Eastern,West Bengal,Darjeeling,Tiger Hill #157,View Point,1850,1.5,4.5,10,Yes,,Scenic,Yes,0.75,Early Morning
482,Northern,Uttarakhand,Rishikesh,Laxman Jhula #158,Bridge,1939,1,4.3,0,Yes,,Religious,Yes,1.2,Morning
483,Eastern,West Bengal,Darjeeling,Tiger Hill #159,View Point,1850,1.5,4.5,10,Yes,,Scenic,Yes,0.75,Early Morning
484,Eastern,West Bengal,Darjeeling,Tiger Hill #160,View Point,1850,1.5,4.5,10,Yes,,Scenic,Yes,0.75,Early Morning
485,Southern,Tamil Nadu,Chennai,Marina Beach #161,Beach,1800,2.5,4.4,0,Yes,,Natural,Yes,1.8,Evening
486,Northern,Uttarakhand,Rishikesh,Laxman Jhula #162,Bridge,1939,1,4.3,0,Yes,,Religious,Yes,1.2,Morning
487,Northern,Uttarakhand,Rishikesh,Laxman Jhula #163,Bridge,1939,1,4.3,0,Yes,,Religious,Yes,1.2,Morning
488,Western,Rajasthan,Jodhpur,Mehrangarh Fort #164,Fort,1459,3,4.7,100,Yes,,Historical,Yes,1.5,Winter
489,Northern,Uttarakhand,Rishikesh,Laxman Jhula #165,Bridge,1939,1,4.3,0,Yes,,Religious,Yes,1.2,Morning
490,Southern,Tamil Nadu,Chennai,Marina Beach #166,Beach,1800,2.5,4.4,0,Yes,,Natural,Yes,1.8,Evening
491,Southern,Kerala,Alleppey,Alleppey Backwaters #167,Backwater,1900,4,4.6,200,Yes,,Scenic,Yes,1.1,Winter
492,Northern,Uttarakhand,Rishikesh,Laxman Jhula #168,Bridge,1939,1,4.3,0,Yes,,Religious,Yes,1.2,Morning
493,Southern,Kerala,Alleppey,Alleppey Backwaters #169,Backwater,1900,4,4.6,200,Yes,,Scenic,Yes,1.1,Winter
494,Eastern,West Bengal,Darjeeling,Tiger Hill #170,View Point,1850,1.5,4.5,10,Yes,,Scenic,Yes,0.75,Early Morning
495,Eastern,West Bengal,Darjeeling,Tiger Hill #171,View Point,1850,1.5,4.5,10,Yes,,Scenic,Yes,0.75,Early Morning
496,Northern,Uttarakhand,Rishikesh,Laxman Jhula #172,Bridge,1939,1,4.3,0,Yes,,Religious,Yes,1.2,Morning
497,Southern,Tamil Nadu,Chennai,Marina Beach #173,Beach,1800,2.5,4.4,0,Yes,,Natural,Yes,1.8,Evening
498,Eastern,West Bengal,Darjeeling,Tiger Hill #174,View Point,1850,1.5,4.5,10,Yes,,Scenic,Yes,0.75,Early Morning
499,Southern,Kerala,Alleppey,Alleppey Backwaters #175,Backwater,1900,4,4.6,200,Yes,,Scenic,Yes,1.1,Winter
500,Southern,Tamil Nadu,Chennai,Marina Beach #176,Beach,1800,2.5,4.4,0,Yes,,Natural,Yes,1.8,Evening
501,Western,Rajasthan,Jodhpur,Mehrangarh Fort #177,Fort,1459,3,4.7,100,Yes,,Historical,Yes,1.5,Winter
502,Southern,Tamil Nadu,Chennai,Marina Beach #178,Beach,1800,2.5,4.4,0,Yes,,Natural,Yes,1.8,Evening
503,Western,Rajasthan,Jodhpur,Mehrangarh Fort #179,Fort,1459,3,4.7,100,Yes,,Historical,Yes,1.5,Winter
504,Southern,Kerala,Alleppey,Alleppey Backwaters #180,Backwater,1900,4,4.6,200,Yes,,Scenic,Yes,1.1,Winter
505,Southern,Kerala,Alleppey,Alleppey Backwaters #181,Backwater,1900,4,4.6,200,Yes,,Scenic,Yes,1.1,Winter
506,Eastern,West Bengal,Darjeeling,Tiger Hill #182,View Point,1850,1.5,4.5,10,Yes,,Scenic,Yes,0.75,Early Morning
507,Northern,Uttarakhand,Rishikesh,Laxman Jhula #183,Bridge,1939,1,4.3,0,Yes,,Religious,Yes,1.2,Morning
508,Eastern,West Bengal,Darjeeling,Tiger Hill #184,View Point,1850,1.5,4.5,10,Yes,,Scenic,Yes,0.75,Early Morning
509,Southern,Tamil Nadu,Chennai,Marina Beach #185,Beach,1800,2.5,4.4,0,Yes,,Natural,Yes,1.8,Evening
510,Southern,Tamil Nadu,Chennai,Marina Beach #186,Beach,1800,2.5,4.4,0,Yes,,Natural,Yes,1.8,Evening
511,Eastern,West Bengal,Darjeeling,Tiger Hill #187,View Point,1850,1.5,4.5,10,Yes,,Scenic,Yes,0.75,Early Morning
512,Southern,Kerala,Alleppey,Alleppey Backwaters #188,Backwater,1900,4,4.6,200,Yes,,Scenic,Yes,1.1,Winter
513,Northern,Uttarakhand,Rishikesh,Laxman Jhula #189,Bridge,1939,1,4.3,0,Yes,,Religious,Yes,1.2,Morning
514,Eastern,West Bengal,Darjeeling,Tiger Hill #190,View Point,1850,1.5,4.5,10,Yes,,Scenic,Yes,0.75,Early Morning
515,Southern,Tamil Nadu,Chennai,Marina Beach #191,Beach,1800,2.5,4.4,0,Yes,,Natural,Yes,1.8,Evening
516,Southern,Kerala,Alleppey,Alleppey Backwaters #192,Backwater,1900,4,4.6,200,Yes,,Scenic,Yes,1.1,Winter
517,Eastern,West Bengal,Darjeeling,Tiger Hill #193,View Point,1850,1.5,4.5,10,Yes,,Scenic,Yes,0.75,Early Morning
518,Southern,Kerala,Alleppey,Alleppey Backwaters #194,Backwater,1900,4,4.6,200,Yes,,Scenic,Yes,1.1,Winter
519,Northern,Uttarakhand,Rishikesh,Laxman Jhula #195,Bridge,1939,1,4.3,0,Yes,,Religious,Yes,1.2,Morning
520,Northern,Uttarakhand,Rishikesh,Laxman Jhula #196,Bridge,1939,1,4.3,0,Yes,,Religious,Yes,1.2,Morning
521,Eastern,West Bengal,Darjeeling,Tiger Hill #197,View Point,1850,1.5,4.5,10,Yes,,Scenic,Yes,0.75,Early Morning
522,Southern,Kerala,Alleppey,Alleppey Backwaters #198,Backwater,1900,4,4.6,200,Yes,,Scenic,Yes,1.1,Winter
523,Northern,Uttarakhand,Rishikesh,Laxman Jhula #199,Bridge,1939,1,4.3,0,Yes,,Religious,Yes,1.2,Morning
524,Southern,Tamil Nadu,Chennai,Marina Beach #200,Beach,1800,2.5,4.4,0,Yes,,Natural,Yes,1.8,Evening
525,Northern,Uttarakhand,Rishikesh,Laxman Jhula #201,Bridge,1939,1,4.3,0,Yes,,Religious,Yes,1.2,Morning
526,Eastern,West Bengal,Darjeeling,Tiger Hill #202,View Point,1850,1.5,4.5,10,Yes,,Scenic,Yes,0.75,Early Morning
527,Southern,Kerala,Alleppey,Alleppey Backwaters #203,Backwater,1900,4,4.6,200,Yes,,Scenic,Yes,1.1,Winter
528,Northern,Uttarakhand,Rishikesh,Laxman Jhula #204,Bridge,1939,1,4.3,0,Yes,,Religious,Yes,1.2,Morning
529,Northern,Uttarakhand,Rishikesh,Laxman Jhula #205,Bridge,1939,1,4.3,0,Yes,,Religious,Yes,1.2,Morning
530,Western,Rajasthan,Jodhpur,Mehrangarh Fort #206,Fort,1459,3,4.7,100,Yes,,Historical,Yes,1.5,Winter
531,Western,Rajasthan,Jodhpur,Mehrangarh Fort #207,Fort,1459,3,4.7,100,Yes,,Historical,Yes,1.5,Winter
532,Northern,Uttarakhand,Rishikesh,Laxman Jhula #208,Bridge,1939,1,4.3,0,Yes,,Religious,Yes,1.2,Morning
533,Eastern,West Bengal,Darjeeling,Tiger Hill #209,View Point,1850,1.5,4.5,10,Yes,,Scenic,Yes,0.75,Early Morning
534,Southern,Kerala,Alleppey,Alleppey Backwaters #210,Backwater,1900,4,4.6,200,Yes,,Scenic,Yes,1.1,Winter
535,Southern,Tamil Nadu,Chennai,Marina Beach #211,Beach,1800,2.5,4.4,0,Yes,,Natural,Yes,1.8,Evening
536,Western,Rajasthan,Jodhpur,Mehrangarh Fort #212,Fort,1459,3,4.7,100,Yes,,Historical,Yes,1.5,Winter
537,Southern,Kerala,Alleppey,Alleppey Backwaters #213,Backwater,1900,4,4.6,200,Yes,,Scenic,Yes,1.1,Winter
538,Southern,Kerala,Alleppey,Alleppey Backwaters #214,Backwater,1900,4,4.6,200,Yes,,Scenic,Yes,1.1,Winter
539,Eastern,West Bengal,Darjeeling,Tiger Hill #215,View Point,1850,1.5,4.5,10,Yes,,Scenic,Yes,0.75,Early Morning
540,Southern,Tamil Nadu,Chennai,Marina Beach #216,Beach,1800,2.5,4.4,0,Yes,,Natural,Yes,1.8,Evening
541,Northern,Uttarakhand,Rishikesh,Laxman Jhula #217,Bridge,1939,1,4.3,0,Yes,,Religious,Yes,1.2,Morning
542,Southern,Tamil Nadu,Chennai,Marina Beach #218,Beach,1800,2.5,4.4,0,Yes,,Natural,Yes,1.8,Evening
543,Western,Rajasthan,Jodhpur,Mehrangarh Fort #219,Fort,1459,3,4.7,100,Yes,,Historical,Yes,1.5,Winter
544,Southern,Kerala,Alleppey,Alleppey Backwaters #220,Backwater,1900,4,4.6,200,Yes,,Scenic,Yes,1.1,Winter
545,Southern,Tamil Nadu,Chennai,Marina Beach #221,Beach,1800,2.5,4.4,0,Yes,,Natural,Yes,1.8,Evening
546,Southern,Tamil Nadu,Chennai,Marina Beach #222,Beach,1800,2.5,4.4,0,Yes,,Natural,Yes,1.8,Evening
547,Northern,Uttarakhand,Rishikesh,Laxman Jhula #223,Bridge,1939,1,4.3,0,Yes,,Religious,Yes,1.2,Morning
548,Western,Rajasthan,Jodhpur,Mehrangarh Fort #224,Fort,1459,3,4.7,100,Yes,,Historical,Yes,1.5,Winter
549,Western,Rajasthan,Jodhpur,Mehrangarh Fort #225,Fort,1459,3,4.7,100,Yes,,Historical,Yes,1.5,Winter
550,Western,Rajasthan,Jodhpur,Mehrangarh Fort #226,Fort,1459,3,4.7,100,Yes,,Historical,Yes,1.5,Winter
551,Eastern,West Bengal,Darjeeling,Tiger Hill #227,View Point,1850,1.5,4.5,10,Yes,,Scenic,Yes,0.75,Early Morning
552,Northern,Uttarakhand,Rishikesh,Laxman Jhula #228,Bridge,1939,1,4.3,0,Yes,,Religious,Yes,1.2,Morning
553,Southern,Kerala,Alleppey,Alleppey Backwaters #229,Backwater,1900,4,4.6,200,Yes,,Scenic,Yes,1.1,Winter
554,Eastern,West Bengal,Darjeeling,Tiger Hill #230,View Point,1850,1.5,4.5,10,Yes,,Scenic,Yes,0.75,Early Morning
555,Northern,Uttarakhand,Rishikesh,Laxman Jhula #231,Bridge,1939,1,4.3,0,Yes,,Religious,Yes,1.2,Morning
556,Eastern,West Bengal,Darjeeling,Tiger Hill #232,View Point,1850,1.5,4.5,10,Yes,,Scenic,Yes,0.75,Early Morning
557,Southern,Tamil Nadu,Chennai,Marina Beach #233,Beach,1800,2.5,4.4,0,Yes,,Natural,Yes,1.8,Evening
558,Western,Rajasthan,Jodhpur,Mehrangarh Fort #234,Fort,1459,3,4.7,100,Yes,,Historical,Yes,1.5,Winter
559,Northern,Uttarakhand,Rishikesh,Laxman Jhula #235,Bridge,1939,1,4.3,0,Yes,,Religious,Yes,1.2,Morning
560,Eastern,West Bengal,Darjeeling,Tiger Hill #236,View Point,1850,1.5,4.5,10,Yes,,Scenic,Yes,0.75,Early Morning
561,Southern,Tamil Nadu,Chennai,Marina Beach #237,Beach,1800,2.5,4.4,0,Yes,,Natural,Yes,1.8,Evening
562,Southern,Tamil Nadu,Chennai,Marina Beach #238,Beach,1800,2.5,4.4,0,Yes,,Natural,Yes,1.8,Evening
563,Northern,Uttarakhand,Rishikesh,Laxman Jhula #239,Bridge,1939,1,4.3,0,Yes,,Religious,Yes,1.2,Morning
564,Eastern,West Bengal,Darjeeling,Tiger Hill #240,View Point,1850,1.5,4.5,10,Yes,,Scenic,Yes,0.75,Early Morning
565,Western,Rajasthan,Jodhpur,Mehrangarh Fort #241,Fort,1459,3,4.7,100,Yes,,Historical,Yes,1.5,Winter
566,Southern,Tamil Nadu,Chennai,Marina Beach #242,Beach,1800,2.5,4.4,0,Yes,,Natural,Yes,1.8,Evening
567,Northern,Uttarakhand,Rishikesh,Laxman Jhula #243,Bridge,1939,1,4.3,0,Yes,,Religious,Yes,1.2,Morning
568,Northern,Uttarakhand,Rishikesh,Laxman Jhula #244,Bridge,1939,1,4.3,0,Yes,,Religious,Yes,1.2,Morning
569,Eastern,West Bengal,Darjeeling,Tiger Hill #245,View Point,1850,1.5,4.5,10,Yes,,Scenic,Yes,0.75,Early Morning
570,Southern,Kerala,Alleppey,Alleppey Backwaters #246,Backwater,1900,4,4.6,200,Yes,,Scenic,Yes,1.1,Winter
571,Northern,Uttarakhand,Rishikesh,Laxman Jhula #247,Bridge,1939,1,4.3,0,Yes,,Religious,Yes,1.2,Morning
572,Western,Rajasthan,Jodhpur,Mehrangarh Fort #248,Fort,1459,3,4.7,100,Yes,,Historical,Yes,1.5,Winter
573,Southern,Tamil Nadu,Chennai,Marina Beach #249,Beach,1800,2.5,4.4,0,Yes,,Natural,Yes,1.8,Evening
574,Southern,Tamil Nadu,Chennai,Marina Beach #250,Beach,1800,2.5,4.4,0,Yes,,Natural,Yes,1.8,Evening
575,Southern,Tamil Nadu,Chennai,Marina Beach #251,Beach,1800,2.5,4.4,0,Yes,,Natural,Yes,1.8,Evening
576,Southern,Kerala,Alleppey,Alleppey Backwaters #252,Backwater,1900,4,4.6,200,Yes,,Scenic,Yes,1.1,Winter
577,Southern,Kerala,Alleppey,Alleppey Backwaters #253,Backwater,1900,4,4.6,200,Yes,,Scenic,Yes,1.1,Winter
578,Southern,Kerala,Alleppey,Alleppey Backwaters #254,Backwater,1900,4,4.6,200,Yes,,Scenic,Yes,1.1,Winter
579,Eastern,West Bengal,Darjeeling,Tiger Hill #255,View Point,1850,1.5,4.5,10,Yes,,Scenic,Yes,0.75,Early Morning
580,Northern,Uttarakhand,Rishikesh,Laxman Jhula #256,Bridge,1939,1,4.3,0,Yes,,Religious,Yes,1.2,Morning
581,Eastern,West Bengal,Darjeeling,Tiger Hill #257,View Point,1850,1.5,4.5,10,Yes,,Scenic,Yes,0.75,Early Morning
582,Eastern,West Bengal,Darjeeling,Tiger Hill #258,View Point,1850,1.5,4.5,10,Yes,,Scenic,Yes,0.75,Early Morning
583,Southern,Kerala,Alleppey,Alleppey Backwaters #259,Backwater,1900,4,4.6,200,Yes,,Scenic,Yes,1.1,Winter
584,Northern,Uttarakhand,Rishikesh,Laxman Jhula #260,Bridge,1939,1,4.3,0,Yes,,Religious,Yes,1.2,Morning
585,Southern,Tamil Nadu,Chennai,Marina Beach #261,Beach,1800,2.5,4.4,0,Yes,,Natural,Yes,1.8,Evening
586,Northern,Uttarakhand,Rishikesh,Laxman Jhula #262,Bridge,1939,1,4.3,0,Yes,,Religious,Yes,1.2,Morning
587,Southern,Tamil Nadu,Chennai,Marina Beach #263,Beach,1800,2.5,4.4,0,Yes,,Natural,Yes,1.8,Evening
588,Southern,Tamil Nadu,Chennai,Marina Beach #264,Beach,1800,2.5,4.4,0,Yes,,Natural,Yes,1.8,Evening
589,Southern,Kerala,Alleppey,Alleppey Backwaters #265,Backwater,1900,4,4.6,200,Yes,,Scenic,Yes,1.1,Winter
590,Southern,Tamil Nadu,Chennai,Marina Beach #266,Beach,1800,2.5,4.4,0,Yes,,Natural,Yes,1.8,Evening
591,Southern,Tamil Nadu,Chennai,Marina Beach #267,Beach,1800,2.5,4.4,0,Yes,,Natural,Yes,1.8,Evening
592,Southern,Kerala,Alleppey,Alleppey Backwaters #268,Backwater,1900,4,4.6,200,Yes,,Scenic,Yes,1.1,Winter
593,Southern,Kerala,Alleppey,Alleppey Backwaters #269,Backwater,1900,4,4.6,200,Yes,,Scenic,Yes,1.1,Winter
594,Eastern,West Bengal,Darjeeling,Tiger Hill #270,View Point,1850,1.5,4.5,10,Yes,,Scenic,Yes,0.75,Early Morning
595,Northern,Uttarakhand,Rishikesh,Laxman Jhula #271,Bridge,1939,1,4.3,0,Yes,,Religious,Yes,1.2,Morning
596,Southern,Tamil Nadu,Chennai,Marina Beach #272,Beach,1800,2.5,4.4,0,Yes,,Natural,Yes,1.8,Evening
597,Western,Rajasthan,Jodhpur,Mehrangarh Fort #273,Fort,1459,3,4.7,100,Yes,,Historical,Yes,1.5,Winter
598,Eastern,West Bengal,Darjeeling,Tiger Hill #274,View Point,1850,1.5,4.5,10,Yes,,Scenic,Yes,0.75,Early Morning
599,Southern,Tamil Nadu,Chennai,Marina Beach #275,Beach,1800,2.5,4.4,0,Yes,,Natural,Yes,1.8,Evening
600,Eastern,West Bengal,Darjeeling,Tiger Hill #276,View Point,1850,1.5,4.5,10,Yes,,Scenic,Yes,0.75,Early Morning
601,Southern,Kerala,Alleppey,Alleppey Backwaters #277,Backwater,1900,4,4.6,200,Yes,,Scenic,Yes,1.1,Winter
602,Southern,Tamil Nadu,Chennai,Marina Beach #278,Beach,1800,2.5,4.4,0,Yes,,Natural,Yes,1.8,Evening
603,Eastern,West Bengal,Darjeeling,Tiger Hill #279,View Point,1850,1.5,4.5,10,Yes,,Scenic,Yes,0.75,Early Morning
604,Northern,Uttarakhand,Rishikesh,Laxman Jhula #280,Bridge,1939,1,4.3,0,Yes,,Religious,Yes,1.2,Morning
605,Eastern,West Bengal,Darjeeling,Tiger Hill #281,View Point,1850,1.5,4.5,10,Yes,,Scenic,Yes,0.75,Early Morning
606,Eastern,West Bengal,Darjeeling,Tiger Hill #282,View Point,1850,1.5,4.5,10,Yes,,Scenic,Yes,0.75,Early Morning
607,Southern,Kerala,Alleppey,Alleppey Backwaters #283,Backwater,1900,4,4.6,200,Yes,,Scenic,Yes,1.1,Winter
608,Eastern,West Bengal,Darjeeling,Tiger Hill #284,View Point,1850,1.5,4.5,10,Yes,,Scenic,Yes,0.75,Early Morning
609,Eastern,West Bengal,Darjeeling,Tiger Hill #285,View Point,1850,1.5,4.5,10,Yes,,Scenic,Yes,0.75,Early Morning
610,Eastern,West Bengal,Darjeeling,Tiger Hill #286,View Point,1850,1.5,4.5,10,Yes,,Scenic,Yes,0.75,Early Morning
611,Eastern,West Bengal,Darjeeling,Tiger Hill #287,View Point,1850,1.5,4.5,10,Yes,,Scenic,Yes,0.75,Early Morning
612,Southern,Kerala,Alleppey,Alleppey Backwaters #288,Backwater,1900,4,4.6,200,Yes,,Scenic,Yes,1.1,Winter
613,Southern,Tamil Nadu,Chennai,Marina Beach #289,Beach,1800,2.5,4.4,0,Yes,,Natural,Yes,1.8,Evening
614,Southern,Tamil Nadu,Chennai,Marina Beach #290,Beach,1800,2.5,4.4,0,Yes,,Natural,Yes,1.8,Evening
615,Northern,Uttarakhand,Rishikesh,Laxman Jhula #291,Bridge,1939,1,4.3,0,Yes,,Religious,Yes,1.2,Morning
616,Eastern,West Bengal,Darjeeling,Tiger Hill #292,View Point,1850,1.5,4.5,10,Yes,,Scenic,Yes,0.75,Early Morning
617,Southern,Kerala,Alleppey,Alleppey Backwaters #293,Backwater,1900,4,4.6,200,Yes,,Scenic,Yes,1.1,Winter
618,Southern,Kerala,Alleppey,Alleppey Backwaters #294,Backwater,1900,4,4.6,200,Yes,,Scenic,Yes,1.1,Winter
619,Eastern,West Bengal,Darjeeling,Tiger Hill #295,View Point,1850,1.5,4.5,10,Yes,,Scenic,Yes,0.75,Early Morning
620,Southern,Tamil Nadu,Chennai,Marina Beach #296,Beach,1800,2.5,4.4,0,Yes,,Natural,Yes,1.8,Evening
621,Southern,Tamil Nadu,Chennai,Marina Beach #297,Beach,1800,2.5,4.4,0,Yes,,Natural,Yes,1.8,Evening
622,Southern,Kerala,Alleppey,Alleppey Backwaters #298,Backwater,1900,4,4.6,200,Yes,,Scenic,Yes,1.1,Winter
623,Western,Rajasthan,Jodhpur,Mehrangarh Fort #299,Fort,1459,3,4.7,100,Yes,,Historical,Yes,1.5,Winter
624,Northern,Uttarakhand,Rishikesh,Laxman Jhula #300,Bridge,1939,1,4.3,0,Yes,,Religious,Yes,1.2,Morning
625,Western,Rajasthan,Jodhpur,Mehrangarh Fort #301,Fort,1459,3,4.7,100,Yes,,Historical,Yes,1.5,Winter
626,Western,Rajasthan,Jodhpur,Mehrangarh Fort #302,Fort,1459,3,4.7,100,Yes,,Historical,Yes,1.5,Winter
627,Eastern,West Bengal,Darjeeling,Tiger Hill #303,View Point,1850,1.5,4.5,10,Yes,,Scenic,Yes,0.75,Early Morning
628,Western,Rajasthan,Jodhpur,Mehrangarh Fort #304,Fort,1459,3,4.7,100,Yes,,Historical,Yes,1.5,Winter
629,Southern,Tamil Nadu,Chennai,Marina Beach #305,Beach,1800,2.5,4.4,0,Yes,,Natural,Yes,1.8,Evening
630,Southern,Kerala,Alleppey,Alleppey Backwaters #306,Backwater,1900,4,4.6,200,Yes,,Scenic,Yes,1.1,Winter
631,Southern,Kerala,Alleppey,Alleppey Backwaters #307,Backwater,1900,4,4.6,200,Yes,,Scenic,Yes,1.1,Winter
632,Western,Rajasthan,Jodhpur,Mehrangarh Fort #308,Fort,1459,3,4.7,100,Yes,,Historical,Yes,1.5,Winter
633,Northern,Uttarakhand,Rishikesh,Laxman Jhula #309,Bridge,1939,1,4.3,0,Yes,,Religious,Yes,1.2,Morning
634,Southern,Kerala,Alleppey,Alleppey Backwaters #310,Backwater,1900,4,4.6,200,Yes,,Scenic,Yes,1.1,Winter
635,Southern,Kerala,Alleppey,Alleppey Backwaters #311,Backwater,1900,4,4.6,200,Yes,,Scenic,Yes,1.1,Winter
636,Northern,Uttarakhand,Rishikesh,Laxman Jhula #312,Bridge,1939,1,4.3,0,Yes,,Religious,Yes,1.2,Morning
637,Southern,Kerala,Alleppey,Alleppey Backwaters #313,Backwater,1900,4,4.6,200,Yes,,Scenic,Yes,1.1,Winter
638,Southern,Kerala,Alleppey,Alleppey Backwaters #314,Backwater,1900,4,4.6,200,Yes,,Scenic,Yes,1.1,Winter
639,Western,Rajasthan,Jodhpur,Mehrangarh Fort #315,Fort,1459,3,4.7,100,Yes,,Historical,Yes,1.5,Winter
640,Eastern,West Bengal,Darjeeling,Tiger Hill #316,View Point,1850,1.5,4.5,10,Yes,,Scenic,Yes,0.75,Early Morning
641,Southern,Kerala,Alleppey,Alleppey Backwaters #317,Backwater,1900,4,4.6,200,Yes,,Scenic,Yes,1.1,Winter
642,Northern,Uttarakhand,Rishikesh,Laxman Jhula #318,Bridge,1939,1,4.3,0,Yes,,Religious,Yes,1.2,Morning
643,Western,Rajasthan,Jodhpur,Mehrangarh Fort #319,Fort,1459,3,4.7,100,Yes,,Historical,Yes,1.5,Winter
644,Western,Rajasthan,Jodhpur,Mehrangarh Fort #320,Fort,1459,3,4.7,100,Yes,,Historical,Yes,1.5,Winter
645,Southern,Kerala,Alleppey,Alleppey Backwaters #321,Backwater,1900,4,4.6,200,Yes,,Scenic,Yes,1.1,Winter
646,Eastern,West Bengal,Darjeeling,Tiger Hill #322,View Point,1850,1.5,4.5,10,Yes,,Scenic,Yes,0.75,Early Morning
647,Eastern,West Bengal,Darjeeling,Tiger Hill #323,View Point,1850,1.5,4.5,10,Yes,,Scenic,Yes,0.75,Early Morning
648,Southern,Kerala,Alleppey,Alleppey Backwaters #324,Backwater,1900,4,4.6,200,Yes,,Scenic,Yes,1.1,Winter
649,Southern,Kerala,Alleppey,Alleppey Backwaters #325,Backwater,1900,4,4.6,200,Yes,,Scenic,Yes,1.1,Winter
650,Western,Rajasthan,Jodhpur,Mehrangarh Fort #326,Fort,1459,3,4.7,100,Yes,,Historical,Yes,1.5,Winter
651,Southern,Kerala,Alleppey,Alleppey Backwaters #327,Backwater,1900,4,4.6,200,Yes,,Scenic,Yes,1.1,Winter
652,Southern,Kerala,Alleppey,Alleppey Backwaters #328,Backwater,1900,4,4.6,200,Yes,,Scenic,Yes,1.1,Winter
653,Northern,Uttarakhand,Rishikesh,Laxman Jhula #329,Bridge,1939,1,4.3,0,Yes,,Religious,Yes,1.2,Morning
654,Eastern,West Bengal,Darjeeling,Tiger Hill #330,View Point,1850,1.5,4.5,10,Yes,,Scenic,Yes,0.75,Early Morning
655,Northern,Uttarakhand,Rishikesh,Laxman Jhula #331,Bridge,1939,1,4.3,0,Yes,,Religious,Yes,1.2,Morning
656,Eastern,West Bengal,Darjeeling,Tiger Hill #332,View Point,1850,1.5,4.5,10,Yes,,Scenic,Yes,0.75,Early Morning
657,Northern,Uttarakhand,Rishikesh,Laxman Jhula #333,Bridge,1939,1,4.3,0,Yes,,Religious,Yes,1.2,Morning
658,Southern,Tamil Nadu,Chennai,Marina Beach #334,Beach,1800,2.5,4.4,0,Yes,,Natural,Yes,1.8,Evening
659,Southern,Tamil Nadu,Chennai,Marina Beach #335,Beach,1800,2.5,4.4,0,Yes,,Natural,Yes,1.8,Evening
660,Eastern,West Bengal,Darjeeling,Tiger Hill #336,View Point,1850,1.5,4.5,10,Yes,,Scenic,Yes,0.75,Early Morning
661,Southern,Kerala,Alleppey,Alleppey Backwaters #337,Backwater,1900,4,4.6,200,Yes,,Scenic,Yes,1.1,Winter
662,Southern,Tamil Nadu,Chennai,Marina Beach #338,Beach,1800,2.5,4.4,0,Yes,,Natural,Yes,1.8,Evening
663,Southern,Kerala,Alleppey,Alleppey Backwaters #339,Backwater,1900,4,4.6,200,Yes,,Scenic,Yes,1.1,Winter
664,Southern,Kerala,Alleppey,Alleppey Backwaters #340,Backwater,1900,4,4.6,200,Yes,,Scenic,Yes,1.1,Winter
665,Northern,Uttarakhand,Rishikesh,Laxman Jhula #341,Bridge,1939,1,4.3,0,Yes,,Religious,Yes,1.2,Morning
666,Northern,Uttarakhand,Rishikesh,Laxman Jhula #342,Bridge,1939,1,4.3,0,Yes,,Religious,Yes,1.2,Morning
667,Southern,Kerala,Alleppey,Alleppey Backwaters #343,Backwater,1900,4,4.6,200,Yes,,Scenic,Yes,1.1,Winter
668,Northern,Uttarakhand,Rishikesh,Laxman Jhula #344,Bridge,1939,1,4.3,0,Yes,,Religious,Yes,1.2,Morning
669,Southern,Kerala,Alleppey,Alleppey Backwaters #345,Backwater,1900,4,4.6,200,Yes,,Scenic,Yes,1.1,Winter
670,Eastern,West Bengal,Darjeeling,Tiger Hill #346,View Point,1850,1.5,4.5,10,Yes,,Scenic,Yes,0.75,Early Morning
671,Eastern,West Bengal,Darjeeling,Tiger Hill #347,View Point,1850,1.5,4.5,10,Yes,,Scenic,Yes,0.75,Early Morning
672,Eastern,West Bengal,Darjeeling,Tiger Hill #348,View Point,1850,1.5,4.5,10,Yes,,Scenic,Yes,0.75,Early Morning
673,Eastern,West Bengal,Darjeeling,Tiger Hill #349,View Point,1850,1.5,4.5,10,Yes,,Scenic,Yes,0.75,Early Morning
674,Western,Rajasthan,Jodhpur,Mehrangarh Fort #350,Fort,1459,3,4.7,100,Yes,,Historical,Yes,1.5,Winter
675,Northern,Uttarakhand,Rishikesh,Laxman Jhula #351,Bridge,1939,1,4.3,0,Yes,,Religious,Yes,1.2,Morning
676,Southern,Tamil Nadu,Chennai,Marina Beach #352,Beach,1800,2.5,4.4,0,Yes,,Natural,Yes,1.8,Evening
677,Southern,Tamil Nadu,Chennai,Marina Beach #353,Beach,1800,2.5,4.4,0,Yes,,Natural,Yes,1.8,Evening
678,Southern,Tamil Nadu,Chennai,Marina Beach #354,Beach,1800,2.5,4.4,0,Yes,,Natural,Yes,1.8,Evening
679,Southern,Kerala,Alleppey,Alleppey Backwaters #355,Backwater,1900,4,4.6,200,Yes,,Scenic,Yes,1.1,Winter
680,Southern,Tamil Nadu,Chennai,Marina Beach #356,Beach,1800,2.5,4.4,0,Yes,,Natural,Yes,1.8,Evening
681,Eastern,West Bengal,Darjeeling,Tiger Hill #357,View Point,1850,1.5,4.5,10,Yes,,Scenic,Yes,0.75,Early Morning
682,Southern,Kerala,Alleppey,Alleppey Backwaters #358,Backwater,1900,4,4.6,200,Yes,,Scenic,Yes,1.1,Winter
683,Southern,Tamil Nadu,Chennai,Marina Beach #359,Beach,1800,2.5,4.4,0,Yes,,Natural,Yes,1.8,Evening
684,Northern,Uttarakhand,Rishikesh,Laxman Jhula #360,Bridge,1939,1,4.3,0,Yes,,Religious,Yes,1.2,Morning
685,Northern,Uttarakhand,Rishikesh,Laxman Jhula #361,Bridge,1939,1,4.3,0,Yes,,Religious,Yes,1.2,Morning
686,Northern,Uttarakhand,Rishikesh,Laxman Jhula #362,Bridge,1939,1,4.3,0,Yes,,Religious,Yes,1.2,Morning
687,Southern,Tamil Nadu,Chennai,Marina Beach #363,Beach,1800,2.5,4.4,0,Yes,,Natural,Yes,1.8,Evening
688,Southern,Tamil Nadu,Chennai,Marina Beach #364,Beach,1800,2.5,4.4,0,Yes,,Natural,Yes,1.8,Evening
689,Northern,Uttarakhand,Rishikesh,Laxman Jhula #365,Bridge,1939,1,4.3,0,Yes,,Religious,Yes,1.2,Morning
690,Eastern,West Bengal,Darjeeling,Tiger Hill #366,View Point,1850,1.5,4.5,10,Yes,,Scenic,Yes,0.75,Early Morning
691,Western,Rajasthan,Jodhpur,Mehrangarh Fort #367,Fort,1459,3,4.7,100,Yes,,Historical,Yes,1.5,Winter
692,Western,Rajasthan,Jodhpur,Mehrangarh Fort #368,Fort,1459,3,4.7,100,Yes,,Historical,Yes,1.5,Winter
693,Western,Rajasthan,Jodhpur,Mehrangarh Fort #369,Fort,1459,3,4.7,100,Yes,,Historical,Yes,1.5,Winter
694,Southern,Kerala,Alleppey,Alleppey Backwaters #370,Backwater,1900,4,4.6,200,Yes,,Scenic,Yes,1.1,Winter
695,Western,Rajasthan,Jodhpur,Mehrangarh Fort #371,Fort,1459,3,4.7,100,Yes,,Historical,Yes,1.5,Winter
696,Southern,Kerala,Alleppey,Alleppey Backwaters #372,Backwater,1900,4,4.6,200,Yes,,Scenic,Yes,1.1,Winter
697,Southern,Tamil Nadu,Chennai,Marina Beach #373,Beach,1800,2.5,4.4,0,Yes,,Natural,Yes,1.8,Evening
698,Western,Rajasthan,Jodhpur,Mehrangarh Fort #374,Fort,1459,3,4.7,100,Yes,,Historical,Yes,1.5,Winter
699,Southern,Tamil Nadu,Chennai,Marina Beach #375,Beach,1800,2.5,4.4,0,Yes,,Natural,Yes,1.8,Evening
700,Eastern,West Bengal,Darjeeling,Tiger Hill #376,View Point,1850,1.5,4.5,10,Yes,,Scenic,Yes,0.75,Early Morning
701,Western,Rajasthan,Jodhpur,Mehrangarh Fort #377,Fort,1459,3,4.7,100,Yes,,Historical,Yes,1.5,Winter
702,Eastern,West Bengal,Darjeeling,Tiger Hill #378,View Point,1850,1.5,4.5,10,Yes,,Scenic,Yes,0.75,Early Morning
703,Southern,Kerala,Alleppey,Alleppey Backwaters #379,Backwater,1900,4,4.6,200,Yes,,Scenic,Yes,1.1,Winter
704,Northern,Uttarakhand,Rishikesh,Laxman Jhula #380,Bridge,1939,1,4.3,0,Yes,,Religious,Yes,1.2,Morning
705,Southern,Kerala,Alleppey,Alleppey Backwaters #381,Backwater,1900,4,4.6,200,Yes,,Scenic,Yes,1.1,Winter
706,Northern,Uttarakhand,Rishikesh,Laxman Jhula #382,Bridge,1939,1,4.3,0,Yes,,Religious,Yes,1.2,Morning
707,Western,Rajasthan,Jodhpur,Mehrangarh Fort #383,Fort,1459,3,4.7,100,Yes,,Historical,Yes,1.5,Winter
708,Northern,Uttarakhand,Rishikesh,Laxman Jhula #384,Bridge,1939,1,4.3,0,Yes,,Religious,Yes,1.2,Morning
709,Northern,Uttarakhand,Rishikesh,Laxman Jhula #385,Bridge,1939,1,4.3,0,Yes,,Religious,Yes,1.2,Morning
710,Southern,Kerala,Alleppey,Alleppey Backwaters #386,Backwater,1900,4,4.6,200,Yes,,Scenic,Yes,1.1,Winter
711,Southern,Kerala,Alleppey,Alleppey Backwaters #387,Backwater,1900,4,4.6,200,Yes,,Scenic,Yes,1.1,Winter
712,Western,Rajasthan,Jodhpur,Mehrangarh Fort #388,Fort,1459,3,4.7,100,Yes,,Historical,Yes,1.5,Winter
713,Southern,Tamil Nadu,Chennai,Marina Beach #389,Beach,1800,2.5,4.4,0,Yes,,Natural,Yes,1.8,Evening
714,Southern,Kerala,Alleppey,Alleppey Backwaters #390,Backwater,1900,4,4.6,200,Yes,,Scenic,Yes,1.1,Winter
715,Eastern,West Bengal,Darjeeling,Tiger Hill #391,View Point,1850,1.5,4.5,10,Yes,,Scenic,Yes,0.75,Early Morning
716,Southern,Kerala,Alleppey,Alleppey Backwaters #392,Backwater,1900,4,4.6,200,Yes,,Scenic,Yes,1.1,Winter
717,Southern,Tamil Nadu,Chennai,Marina Beach #393,Beach,1800,2.5,4.4,0,Yes,,Natural,Yes,1.8,Evening
718,Southern,Kerala,Alleppey,Alleppey Backwaters #394,Backwater,1900,4,4.6,200,Yes,,Scenic,Yes,1.1,Winter
719,Eastern,West Bengal,Darjeeling,Tiger Hill #395,View Point,1850,1.5,4.5,10,Yes,,Scenic,Yes,0.75,Early Morning
720,Northern,Uttarakhand,Rishikesh,Laxman Jhula #396,Bridge,1939,1,4.3,0,Yes,,Religious,Yes,1.2,Morning
721,Southern,Kerala,Alleppey,Alleppey Backwaters #397,Backwater,1900,4,4.6,200,Yes,,Scenic,Yes,1.1,Winter
722,Western,Rajasthan,Jodhpur,Mehrangarh Fort #398,Fort,1459,3,4.7,100,Yes,,Historical,Yes,1.5,Winter
723,Southern,Kerala,Alleppey,Alleppey Backwaters #399,Backwater,1900,4,4.6,200,Yes,,Scenic,Yes,1.1,Winter
724,Western,Rajasthan,Jodhpur,Mehrangarh Fort #400,Fort,1459,3,4.7,100,Yes,,Historical,Yes,1.5,Winter
725,Eastern,West Bengal,Darjeeling,Tiger Hill #401,View Point,1850,1.5,4.5,10,Yes,,Scenic,Yes,0.75,Early Morning
726,Western,Rajasthan,Jodhpur,Mehrangarh Fort #402,Fort,1459,3,4.7,100,Yes,,Historical,Yes,1.5,Winter
727,Southern,Kerala,Alleppey,Alleppey Backwaters #403,Backwater,1900,4,4.6,200,Yes,,Scenic,Yes,1.1,Winter
728,Western,Rajasthan,Jodhpur,Mehrangarh Fort #404,Fort,1459,3,4.7,100,Yes,,Historical,Yes,1.5,Winter
729,Western,Rajasthan,Jodhpur,Mehrangarh Fort #405,Fort,1459,3,4.7,100,Yes,,Historical,Yes,1.5,Winter
730,Eastern,West Bengal,Darjeeling,Tiger Hill #406,View Point,1850,1.5,4.5,10,Yes,,Scenic,Yes,0.75,Early Morning
731,Western,Rajasthan,Jodhpur,Mehrangarh Fort #407,Fort,1459,3,4.7,100,Yes,,Historical,Yes,1.5,Winter
732,Eastern,West Bengal,Darjeeling,Tiger Hill #408,View Point,1850,1.5,4.5,10,Yes,,Scenic,Yes,0.75,Early Morning
733,Southern,Kerala,Alleppey,Alleppey Backwaters #409,Backwater,1900,4,4.6,200,Yes,,Scenic,Yes,1.1,Winter
734,Southern,Kerala,Alleppey,Alleppey Backwaters #410,Backwater,1900,4,4.6,200,Yes,,Scenic,Yes,1.1,Winter
735,Southern,Kerala,Alleppey,Alleppey Backwaters #411,Backwater,1900,4,4.6,200,Yes,,Scenic,Yes,1.1,Winter
736,Western,Rajasthan,Jodhpur,Mehrangarh Fort #412,Fort,1459,3,4.7,100,Yes,,Historical,Yes,1.5,Winter
737,Eastern,West Bengal,Darjeeling,Tiger Hill #413,View Point,1850,1.5,4.5,10,Yes,,Scenic,Yes,0.75,Early Morning
738,Eastern,West Bengal,Darjeeling,Tiger Hill #414,View Point,1850,1.5,4.5,10,Yes,,Scenic,Yes,0.75,Early Morning
739,Southern,Tamil Nadu,Chennai,Marina Beach #415,Beach,1800,2.5,4.4,0,Yes,,Natural,Yes,1.8,Evening
740,Western,Rajasthan,Jodhpur,Mehrangarh Fort #416,Fort,1459,3,4.7,100,Yes,,Historical,Yes,1.5,Winter
741,Southern,Tamil Nadu,Chennai,Marina Beach #417,Beach,1800,2.5,4.4,0,Yes,,Natural,Yes,1.8,Evening
742,Northern,Uttarakhand,Rishikesh,Laxman Jhula #418,Bridge,1939,1,4.3,0,Yes,,Religious,Yes,1.2,Morning
743,Eastern,West Bengal,Darjeeling,Tiger Hill #419,View Point,1850,1.5,4.5,10,Yes,,Scenic,Yes,0.75,Early Morning
744,Western,Rajasthan,Jodhpur,Mehrangarh Fort #420,Fort,1459,3,4.7,100,Yes,,Historical,Yes,1.5,Winter
745,Eastern,West Bengal,Darjeeling,Tiger Hill #421,View Point,1850,1.5,4.5,10,Yes,,Scenic,Yes,0.75,Early Morning
746,Eastern,West Bengal,Darjeeling,Tiger Hill #422,View Point,1850,1.5,4.5,10,Yes,,Scenic,Yes,0.75,Early Morning
747,Southern,Tamil Nadu,Chennai,Marina Beach #423,Beach,1800,2.5,4.4,0,Yes,,Natural,Yes,1.8,Evening
748,Southern,Tamil Nadu,Chennai,Marina Beach #424,Beach,1800,2.5,4.4,0,Yes,,Natural,Yes,1.8,Evening
749,Western,Rajasthan,Jodhpur,Mehrangarh Fort #425,Fort,1459,3,4.7,100,Yes,,Historical,Yes,1.5,Winter
750,Southern,Tamil Nadu,Chennai,Marina Beach #426,Beach,1800,2.5,4.4,0,Yes,,Natural,Yes,1.8,Evening
751,Southern,Kerala,Alleppey,Alleppey Backwaters #427,Backwater,1900,4,4.6,200,Yes,,Scenic,Yes,1.1,Winter
752,Southern,Tamil Nadu,Chennai,Marina Beach #428,Beach,1800,2.5,4.4,0,Yes,,Natural,Yes,1.8,Evening
753,Southern,Tamil Nadu,Chennai,Marina Beach #429,Beach,1800,2.5,4.4,0,Yes,,Natural,Yes,1.8,Evening
754,Southern,Kerala,Alleppey,Alleppey Backwaters #430,Backwater,1900,4,4.6,200,Yes,,Scenic,Yes,1.1,Winter
755,Southern,Tamil Nadu,Chennai,Marina Beach #431,Beach,1800,2.5,4.4,0,Yes,,Natural,Yes,1.8,Evening
756,Northern,Uttarakhand,Rishikesh,Laxman Jhula #432,Bridge,1939,1,4.3,0,Yes,,Religious,Yes,1.2,Morning
757,Eastern,West Bengal,Darjeeling,Tiger Hill #433,View Point,1850,1.5,4.5,10,Yes,,Scenic,Yes,0.75,Early Morning
758,Southern,Kerala,Alleppey,Alleppey Backwaters #434,Backwater,1900,4,4.6,200,Yes,,Scenic,Yes,1.1,Winter
759,Southern,Kerala,Alleppey,Alleppey Backwaters #435,Backwater,1900,4,4.6,200,Yes,,Scenic,Yes,1.1,Winter
760,Northern,Uttarakhand,Rishikesh,Laxman Jhula #436,Bridge,1939,1,4.3,0,Yes,,Religious,Yes,1.2,Morning
761,Southern,Tamil Nadu,Chennai,Marina Beach #437,Beach,1800,2.5,4.4,0,Yes,,Natural,Yes,1.8,Evening
762,Northern,Uttarakhand,Rishikesh,Laxman Jhula #438,Bridge,1939,1,4.3,0,Yes,,Religious,Yes,1.2,Morning
763,Western,Rajasthan,Jodhpur,Mehrangarh Fort #439,Fort,1459,3,4.7,100,Yes,,Historical,Yes,1.5,Winter
764,Eastern,West Bengal,Darjeeling,Tiger Hill #440,View Point,1850,1.5,4.5,10,Yes,,Scenic,Yes,0.75,Early Morning
765,Southern,Tamil Nadu,Chennai,Marina Beach #441,Beach,1800,2.5,4.4,0,Yes,,Natural,Yes,1.8,Evening
766,Western,Rajasthan,Jodhpur,Mehrangarh Fort #442,Fort,1459,3,4.7,100,Yes,,Historical,Yes,1.5,Winter
767,Eastern,West Bengal,Darjeeling,Tiger Hill #443,View Point,1850,1.5,4.5,10,Yes,,Scenic,Yes,0.75,Early Morning
768,Southern,Kerala,Alleppey,Alleppey Backwaters #444,Backwater,1900,4,4.6,200,Yes,,Scenic,Yes,1.1,Winter
769,Western,Rajasthan,Jodhpur,Mehrangarh Fort #445,Fort,1459,3,4.7,100,Yes,,Historical,Yes,1.5,Winter
770,Northern,Uttarakhand,Rishikesh,Laxman Jhula #446,Bridge,1939,1,4.3,0,Yes,,Religious,Yes,1.2,Morning
771,Southern,Tamil Nadu,Chennai,Marina Beach #447,Beach,1800,2.5,4.4,0,Yes,,Natural,Yes,1.8,Evening
772,Western,Rajasthan,Jodhpur,Mehrangarh Fort #448,Fort,1459,3,4.7,100,Yes,,Historical,Yes,1.5,Winter
773,Southern,Kerala,Alleppey,Alleppey Backwaters #449,Backwater,1900,4,4.6,200,Yes,,Scenic,Yes,1.1,Winter
774,Eastern,West Bengal,Darjeeling,Tiger Hill #450,View Point,1850,1.5,4.5,10,Yes,,Scenic,Yes,0.75,Early Morning
775,Southern,Tamil Nadu,Chennai,Marina Beach #451,Beach,1800,2.5,4.4,0,Yes,,Natural,Yes,1.8,Evening
776,Western,Rajasthan,Jodhpur,Mehrangarh Fort #452,Fort,1459,3,4.7,100,Yes,,Historical,Yes,1.5,Winter
777,Southern,Kerala,Alleppey,Alleppey Backwaters #453,Backwater,1900,4,4.6,200,Yes,,Scenic,Yes,1.1,Winter
778,Eastern,West Bengal,Darjeeling,Tiger Hill #454,View Point,1850,1.5,4.5,10,Yes,,Scenic,Yes,0.75,Early Morning
779,Southern,Kerala,Alleppey,Alleppey Backwaters #455,Backwater,1900,4,4.6,200,Yes,,Scenic,Yes,1.1,Winter
780,Southern,Kerala,Alleppey,Alleppey Backwaters #456,Backwater,1900,4,4.6,200,Yes,,Scenic,Yes,1.1,Winter
781,Northern,Uttarakhand,Rishikesh,Laxman Jhula #457,Bridge,1939,1,4.3,0,Yes,,Religious,Yes,1.2,Morning
782,Western,Rajasthan,Jodhpur,Mehrangarh Fort #458,Fort,1459,3,4.7,100,Yes,,Historical,Yes,1.5,Winter
783,Western,Rajasthan,Jodhpur,Mehrangarh Fort #459,Fort,1459,3,4.7,100,Yes,,Historical,Yes,1.5,Winter
784,Southern,Kerala,Alleppey,Alleppey Backwaters #460,Backwater,1900,4,4.6,200,Yes,,Scenic,Yes,1.1,Winter
785,Eastern,West Bengal,Darjeeling,Tiger Hill #461,View Point,1850,1.5,4.5,10,Yes,,Scenic,Yes,0.75,Early Morning
786,Southern,Tamil Nadu,Chennai,Marina Beach #462,Beach,1800,2.5,4.4,0,Yes,,Natural,Yes,1.8,Evening
787,Eastern,West Bengal,Darjeeling,Tiger Hill #463,View Point,1850,1.5,4.5,10,Yes,,Scenic,Yes,0.75,Early Morning
788,Northern,Uttarakhand,Rishikesh,Laxman Jhula #464,Bridge,1939,1,4.3,0,Yes,,Religious,Yes,1.2,Morning
789,Southern,Kerala,Alleppey,Alleppey Backwaters #465,Backwater,1900,4,4.6,200,Yes,,Scenic,Yes,1.1,Winter
790,Southern,Kerala,Alleppey,Alleppey Backwaters #466,Backwater,1900,4,4.6,200,Yes,,Scenic,Yes,1.1,Winter
791,Southern,Kerala,Alleppey,Alleppey Backwaters #467,Backwater,1900,4,4.6,200,Yes,,Scenic,Yes,1.1,Winter
792,Southern,Kerala,Alleppey,Alleppey Backwaters #468,Backwater,1900,4,4.6,200,Yes,,Scenic,Yes,1.1,Winter
793,Northern,Uttarakhand,Rishikesh,Laxman Jhula #469,Bridge,1939,1,4.3,0,Yes,,Religious,Yes,1.2,Morning
794,Southern,Kerala,Alleppey,Alleppey Backwaters #470,Backwater,1900,4,4.6,200,Yes,,Scenic,Yes,1.1,Winter
795,Southern,Kerala,Alleppey,Alleppey Backwaters #471,Backwater,1900,4,4.6,200,Yes,,Scenic,Yes,1.1,Winter
796,Western,Rajasthan,Jodhpur,Mehrangarh Fort #472,Fort,1459,3,4.7,100,Yes,,Historical,Yes,1.5,Winter
797,Southern,Tamil Nadu,Chennai,Marina Beach #473,Beach,1800,2.5,4.4,0,Yes,,Natural,Yes,1.8,Evening
798,Northern,Uttarakhand,Rishikesh,Laxman Jhula #474,Bridge,1939,1,4.3,0,Yes,,Religious,Yes,1.2,Morning
799,Western,Rajasthan,Jodhpur,Mehrangarh Fort #475,Fort,1459,3,4.7,100,Yes,,Historical,Yes,1.5,Winter
800,Southern,Kerala,Alleppey,Alleppey Backwaters #476,Backwater,1900,4,4.6,200,Yes,,Scenic,Yes,1.1,Winter
801,Northern,Uttarakhand,Rishikesh,Laxman Jhula #477,Bridge,1939,1,4.3,0,Yes,,Religious,Yes,1.2,Morning
802,Western,Rajasthan,Jodhpur,Mehrangarh Fort #478,Fort,1459,3,4.7,100,Yes,,Historical,Yes,1.5,Winter
803,Southern,Kerala,Alleppey,Alleppey Backwaters #479,Backwater,1900,4,4.6,200,Yes,,Scenic,Yes,1.1,Winter
804,Northern,Uttarakhand,Rishikesh,Laxman Jhula #480,Bridge,1939,1,4.3,0,Yes,,Religious,Yes,1.2,Morning
805,Eastern,West Bengal,Darjeeling,Tiger Hill #481,View Point,1850,1.5,4.5,10,Yes,,Scenic,Yes,0.75,Early Morning
806,Northern,Uttarakhand,Rishikesh,Laxman Jhula #482,Bridge,1939,1,4.3,0,Yes,,Religious,Yes,1.2,Morning
807,Northern,Uttarakhand,Rishikesh,Laxman Jhula #483,Bridge,1939,1,4.3,0,Yes,,Religious,Yes,1.2,Morning
808,Southern,Kerala,Alleppey,Alleppey Backwaters #484,Backwater,1900,4,4.6,200,Yes,,Scenic,Yes,1.1,Winter
809,Western,Rajasthan,Jodhpur,Mehrangarh Fort #485,Fort,1459,3,4.7,100,Yes,,Historical,Yes,1.5,Winter
810,Eastern,West Bengal,Darjeeling,Tiger Hill #486,View Point,1850,1.5,4.5,10,Yes,,Scenic,Yes,0.75,Early Morning
811,Western,Rajasthan,Jodhpur,Mehrangarh Fort #487,Fort,1459,3,4.7,100,Yes,,Historical,Yes,1.5,Winter
812,Western,Rajasthan,Jodhpur,Mehrangarh Fort #488,Fort,1459,3,4.7,100,Yes,,Historical,Yes,1.5,Winter
813,Northern,Uttarakhand,Rishikesh,Laxman Jhula #489,Bridge,1939,1,4.3,0,Yes,,Religious,Yes,1.2,Morning
814,Northern,Uttarakhand,Rishikesh,Laxman Jhula #490,Bridge,1939,1,4.3,0,Yes,,Religious,Yes,1.2,Morning
815,Northern,Uttarakhand,Rishikesh,Laxman Jhula #491,Bridge,1939,1,4.3,0,Yes,,Religious,Yes,1.2,Morning
816,Eastern,West Bengal,Darjeeling,Tiger Hill #492,View Point,1850,1.5,4.5,10,Yes,,Scenic,Yes,0.75,Early Morning
817,Southern,Kerala,Alleppey,Alleppey Backwaters #493,Backwater,1900,4,4.6,200,Yes,,Scenic,Yes,1.1,Winter
818,Northern,Uttarakhand,Rishikesh,Laxman Jhula #494,Bridge,1939,1,4.3,0,Yes,,Religious,Yes,1.2,Morning
819,Western,Rajasthan,Jodhpur,Mehrangarh Fort #495,Fort,1459,3,4.7,100,Yes,,Historical,Yes,1.5,Winter
820,Western,Rajasthan,Jodhpur,Mehrangarh Fort #496,Fort,1459,3,4.7,100,Yes,,Historical,Yes,1.5,Winter
821,Northern,Uttarakhand,Rishikesh,Laxman Jhula #497,Bridge,1939,1,4.3,0,Yes,,Religious,Yes,1.2,Morning
822,Northern,Uttarakhand,Rishikesh,Laxman Jhula #498,Bridge,1939,1,4.3,0,Yes,,Religious,Yes,1.2,Morning
823,Southern,Tamil Nadu,Chennai,Marina Beach #499,Beach,1800,2.5,4.4,0,Yes,,Natural,Yes,1.8,Evening
824,Western,Rajasthan,Jodhpur,Mehrangarh Fort #500,Fort,1459,3,4.7,100,Yes,,Historical,Yes,1.5,Winter
825,Eastern,West Bengal,Darjeeling,Tiger Hill #501,View Point,1850,1.5,4.5,10,Yes,,Scenic,Yes,0.75,Early Morning
826,Southern,Tamil Nadu,Chennai,Marina Beach #502,Beach,1800,2.5,4.4,0,Yes,,Natural,Yes,1.8,Evening
827,Southern,Tamil Nadu,Chennai,Marina Beach #503,Beach,1800,2.5,4.4,0,Yes,,Natural,Yes,1.8,Evening
828,Southern,Tamil Nadu,Chennai,Marina Beach #504,Beach,1800,2.5,4.4,0,Yes,,Natural,Yes,1.8,Evening
829,Northern,Uttarakhand,Rishikesh,Laxman Jhula #505,Bridge,1939,1,4.3,0,Yes,,Religious,Yes,1.2,Morning
830,Northern,Uttarakhand,Rishikesh,Laxman Jhula #506,Bridge,1939,1,4.3,0,Yes,,Religious,Yes,1.2,Morning
831,Northern,Uttarakhand,Rishikesh,Laxman Jhula #507,Bridge,1939,1,4.3,0,Yes,,Religious,Yes,1.2,Morning
832,Northern,Uttarakhand,Rishikesh,Laxman Jhula #508,Bridge,1939,1,4.3,0,Yes,,Religious,Yes,1.2,Morning
833,Western,Rajasthan,Jodhpur,Mehrangarh Fort #509,Fort,1459,3,4.7,100,Yes,,Historical,Yes,1.5,Winter
834,Southern,Kerala,Alleppey,Alleppey Backwaters #510,Backwater,1900,4,4.6,200,Yes,,Scenic,Yes,1.1,Winter
835,Southern,Kerala,Alleppey,Alleppey Backwaters #511,Backwater,1900,4,4.6,200,Yes,,Scenic,Yes,1.1,Winter
836,Southern,Kerala,Alleppey,Alleppey Backwaters #512,Backwater,1900,4,4.6,200,Yes,,Scenic,Yes,1.1,Winter
837,Southern,Kerala,Alleppey,Alleppey Backwaters #513,Backwater,1900,4,4.6,200,Yes,,Scenic,Yes,1.1,Winter
838,Southern,Kerala,Alleppey,Alleppey Backwaters #514,Backwater,1900,4,4.6,200,Yes,,Scenic,Yes,1.1,Winter
839,Southern,Tamil Nadu,Chennai,Marina Beach #515,Beach,1800,2.5,4.4,0,Yes,,Natural,Yes,1.8,Evening
840,Eastern,West Bengal,Darjeeling,Tiger Hill #516,View Point,1850,1.5,4.5,10,Yes,,Scenic,Yes,0.75,Early Morning
841,Eastern,West Bengal,Darjeeling,Tiger Hill #517,View Point,1850,1.5,4.5,10,Yes,,Scenic,Yes,0.75,Early Morning
842,Eastern,West Bengal,Darjeeling,Tiger Hill #518,View Point,1850,1.5,4.5,10,Yes,,Scenic,Yes,0.75,Early Morning
843,Southern,Kerala,Alleppey,Alleppey Backwaters #519,Backwater,1900,4,4.6,200,Yes,,Scenic,Yes,1.1,Winter
844,Northern,Uttarakhand,Rishikesh,Laxman Jhula #520,Bridge,1939,1,4.3,0,Yes,,Religious,Yes,1.2,Morning
845,Southern,Tamil Nadu,Chennai,Marina Beach #521,Beach,1800,2.5,4.4,0,Yes,,Natural,Yes,1.8,Evening
846,Southern,Kerala,Alleppey,Alleppey Backwaters #522,Backwater,1900,4,4.6,200,Yes,,Scenic,Yes,1.1,Winter
847,Northern,Uttarakhand,Rishikesh,Laxman Jhula #523,Bridge,1939,1,4.3,0,Yes,,Religious,Yes,1.2,Morning
848,Northern,Uttarakhand,Rishikesh,Laxman Jhula #524,Bridge,1939,1,4.3,0,Yes,,Religious,Yes,1.2,Morning
849,Eastern,West Bengal,Darjeeling,Tiger Hill #525,View Point,1850,1.5,4.5,10,Yes,,Scenic,Yes,0.75,Early Morning
850,Eastern,West Bengal,Darjeeling,Tiger Hill #526,View Point,1850,1.5,4.5,10,Yes,,Scenic,Yes,0.75,Early Morning
851,Eastern,West Bengal,Darjeeling,Tiger Hill #527,View Point,1850,1.5,4.5,10,Yes,,Scenic,Yes,0.75,Early Morning
852,Southern,Kerala,Alleppey,Alleppey Backwaters #528,Backwater,1900,4,4.6,200,Yes,,Scenic,Yes,1.1,Winter
853,Southern,Tamil Nadu,Chennai,Marina Beach #529,Beach,1800,2.5,4.4,0,Yes,,Natural,Yes,1.8,Evening
854,Eastern,West Bengal,Darjeeling,Tiger Hill #530,View Point,1850,1.5,4.5,10,Yes,,Scenic,Yes,0.75,Early Morning
855,Southern,Kerala,Alleppey,Alleppey Backwaters #531,Backwater,1900,4,4.6,200,Yes,,Scenic,Yes,1.1,Winter
856,Western,Rajasthan,Jodhpur,Mehrangarh Fort #532,Fort,1459,3,4.7,100,Yes,,Historical,Yes,1.5,Winter
857,Southern,Kerala,Alleppey,Alleppey Backwaters #533,Backwater,1900,4,4.6,200,Yes,,Scenic,Yes,1.1,Winter
858,Southern,Kerala,Alleppey,Alleppey Backwaters #534,Backwater,1900,4,4.6,200,Yes,,Scenic,Yes,1.1,Winter
859,Eastern,West Bengal,Darjeeling,Tiger Hill #535,View Point,1850,1.5,4.5,10,Yes,,Scenic,Yes,0.75,Early Morning
860,Northern,Uttarakhand,Rishikesh,Laxman Jhula #536,Bridge,1939,1,4.3,0,Yes,,Religious,Yes,1.2,Morning
861,Northern,Uttarakhand,Rishikesh,Laxman Jhula #537,Bridge,1939,1,4.3,0,Yes,,Religious,Yes,1.2,Morning
862,Southern,Tamil Nadu,Chennai,Marina Beach #538,Beach,1800,2.5,4.4,0,Yes,,Natural,Yes,1.8,Evening
863,Southern,Kerala,Alleppey,Alleppey Backwaters #539,Backwater,1900,4,4.6,200,Yes,,Scenic,Yes,1.1,Winter
864,Southern,Kerala,Alleppey,Alleppey Backwaters #540,Backwater,1900,4,4.6,200,Yes,,Scenic,Yes,1.1,Winter
865,Northern,Uttarakhand,Rishikesh,Laxman Jhula #541,Bridge,1939,1,4.3,0,Yes,,Religious,Yes,1.2,Morning
866,Southern,Tamil Nadu,Chennai,Marina Beach #542,Beach,1800,2.5,4.4,0,Yes,,Natural,Yes,1.8,Evening
867,Western,Rajasthan,Jodhpur,Mehrangarh Fort #543,Fort,1459,3,4.7,100,Yes,,Historical,Yes,1.5,Winter
868,Southern,Tamil Nadu,Chennai,Marina Beach #544,Beach,1800,2.5,4.4,0,Yes,,Natural,Yes,1.8,Evening
869,Southern,Kerala,Alleppey,Alleppey Backwaters #545,Backwater,1900,4,4.6,200,Yes,,Scenic,Yes,1.1,Winter
870,Southern,Kerala,Alleppey,Alleppey Backwaters #546,Backwater,1900,4,4.6,200,Yes,,Scenic,Yes,1.1,Winter
871,Southern,Tamil Nadu,Chennai,Marina Beach #547,Beach,1800,2.5,4.4,0,Yes,,Natural,Yes,1.8,Evening
872,Southern,Tamil Nadu,Chennai,Marina Beach #548,Beach,1800,2.5,4.4,0,Yes,,Natural,Yes,1.8,Evening
873,Southern,Kerala,Alleppey,Alleppey Backwaters #549,Backwater,1900,4,4.6,200,Yes,,Scenic,Yes,1.1,Winter
874,Southern,Kerala,Alleppey,Alleppey Backwaters #550,Backwater,1900,4,4.6,200,Yes,,Scenic,Yes,1.1,Winter
875,Southern,Kerala,Alleppey,Alleppey Backwaters #551,Backwater,1900,4,4.6,200,Yes,,Scenic,Yes,1.1,Winter
876,Northern,Uttarakhand,Rishikesh,Laxman Jhula #552,Bridge,1939,1,4.3,0,Yes,,Religious,Yes,1.2,Morning
877,Southern,Kerala,Alleppey,Alleppey Backwaters #553,Backwater,1900,4,4.6,200,Yes,,Scenic,Yes,1.1,Winter
878,Southern,Tamil Nadu,Chennai,Marina Beach #554,Beach,1800,2.5,4.4,0,Yes,,Natural,Yes,1.8,Evening
879,Southern,Tamil Nadu,Chennai,Marina Beach #555,Beach,1800,2.5,4.4,0,Yes,,Natural,Yes,1.8,Evening
880,Northern,Uttarakhand,Rishikesh,Laxman Jhula #556,Bridge,1939,1,4.3,0,Yes,,Religious,Yes,1.2,Morning
881,Southern,Kerala,Alleppey,Alleppey Backwaters #557,Backwater,1900,4,4.6,200,Yes,,Scenic,Yes,1.1,Winter
882,Northern,Uttarakhand,Rishikesh,Laxman Jhula #558,Bridge,1939,1,4.3,0,Yes,,Religious,Yes,1.2,Morning
883,Eastern,West Bengal,Darjeeling,Tiger Hill #559,View Point,1850,1.5,4.5,10,Yes,,Scenic,Yes,0.75,Early Morning
884,Eastern,West Bengal,Darjeeling,Tiger Hill #560,View Point,1850,1.5,4.5,10,Yes,,Scenic,Yes,0.75,Early Morning
885,Eastern,West Bengal,Darjeeling,Tiger Hill #561,View Point,1850,1.5,4.5,10,Yes,,Scenic,Yes,0.75,Early Morning
886,Western,Rajasthan,Jodhpur,Mehrangarh Fort #562,Fort,1459,3,4.7,100,Yes,,Historical,Yes,1.5,Winter
887,Southern,Tamil Nadu,Chennai,Marina Beach #563,Beach,1800,2.5,4.4,0,Yes,,Natural,Yes,1.8,Evening
888,Western,Rajasthan,Jodhpur,Mehrangarh Fort #564,Fort,1459,3,4.7,100,Yes,,Historical,Yes,1.5,Winter
889,Eastern,West Bengal,Darjeeling,Tiger Hill #565,View Point,1850,1.5,4.5,10,Yes,,Scenic,Yes,0.75,Early Morning
890,Southern,Tamil Nadu,Chennai,Marina Beach #566,Beach,1800,2.5,4.4,0,Yes,,Natural,Yes,1.8,Evening
891,Western,Rajasthan,Jodhpur,Mehrangarh Fort #567,Fort,1459,3,4.7,100,Yes,,Historical,Yes,1.5,Winter
892,Southern,Kerala,Alleppey,Alleppey Backwaters #568,Backwater,1900,4,4.6,200,Yes,,Scenic,Yes,1.1,Winter
893,Southern,Tamil Nadu,Chennai,Marina Beach #569,Beach,1800,2.5,4.4,0,Yes,,Natural,Yes,1.8,Evening
894,Southern,Kerala,Alleppey,Alleppey Backwaters #570,Backwater,1900,4,4.6,200,Yes,,Scenic,Yes,1.1,Winter
895,Eastern,West Bengal,Darjeeling,Tiger Hill #571,View Point,1850,1.5,4.5,10,Yes,,Scenic,Yes,0.75,Early Morning
896,Western,Rajasthan,Jodhpur,Mehrangarh Fort #572,Fort,1459,3,4.7,100,Yes,,Historical,Yes,1.5,Winter
897,Southern,Kerala,Alleppey,Alleppey Backwaters #573,Backwater,1900,4,4.6,200,Yes,,Scenic,Yes,1.1,Winter
898,Southern,Kerala,Alleppey,Alleppey Backwaters #574,Backwater,1900,4,4.6,200,Yes,,Scenic,Yes,1.1,Winter
899,Eastern,West Bengal,Darjeeling,Tiger Hill #575,View Point,1850,1.5,4.5,10,Yes,,Scenic,Yes,0.75,Early Morning
900,Southern,Tamil Nadu,Chennai,Marina Beach #576,Beach,1800,2.5,4.4,0,Yes,,Natural,Yes,1.8,Evening
901,Northern,Uttarakhand,Rishikesh,Laxman Jhula #577,Bridge,1939,1,4.3,0,Yes,,Religious,Yes,1.2,Morning
902,Southern,Kerala,Alleppey,Alleppey Backwaters #578,Backwater,1900,4,4.6,200,Yes,,Scenic,Yes,1.1,Winter
903,Southern,Kerala,Alleppey,Alleppey Backwaters #579,Backwater,1900,4,4.6,200,Yes,,Scenic,Yes,1.1,Winter
904,Western,Rajasthan,Jodhpur,Mehrangarh Fort #580,Fort,1459,3,4.7,100,Yes,,Historical,Yes,1.5,Winter
905,Eastern,West Bengal,Darjeeling,Tiger Hill #581,View Point,1850,1.5,4.5,10,Yes,,Scenic,Yes,0.75,Early Morning
906,Southern,Kerala,Alleppey,Alleppey Backwaters #582,Backwater,1900,4,4.6,200,Yes,,Scenic,Yes,1.1,Winter
907,Western,Rajasthan,Jodhpur,Mehrangarh Fort #583,Fort,1459,3,4.7,100,Yes,,Historical,Yes,1.5,Winter
908,Southern,Kerala,Alleppey,Alleppey Backwaters #584,Backwater,1900,4,4.6,200,Yes,,Scenic,Yes,1.1,Winter
909,Western,Rajasthan,Jodhpur,Mehrangarh Fort #585,Fort,1459,3,4.7,100,Yes,,Historical,Yes,1.5,Winter
910,Southern,Tamil Nadu,Chennai,Marina Beach #586,Beach,1800,2.5,4.4,0,Yes,,Natural,Yes,1.8,Evening
911,Eastern,West Bengal,Darjeeling,Tiger Hill #587,View Point,1850,1.5,4.5,10,Yes,,Scenic,Yes,0.75,Early Morning
912,Northern,Uttarakhand,Rishikesh,Laxman Jhula #588,Bridge,1939,1,4.3,0,Yes,,Religious,Yes,1.2,Morning
913,Northern,Uttarakhand,Rishikesh,Laxman Jhula #589,Bridge,1939,1,4.3,0,Yes,,Religious,Yes,1.2,Morning
914,Western,Rajasthan,Jodhpur,Mehrangarh Fort #590,Fort,1459,3,4.7,100,Yes,,Historical,Yes,1.5,Winter
915,Southern,Kerala,Alleppey,Alleppey Backwaters #591,Backwater,1900,4,4.6,200,Yes,,Scenic,Yes,1.1,Winter
916,Southern,Tamil Nadu,Chennai,Marina Beach #592,Beach,1800,2.5,4.4,0,Yes,,Natural,Yes,1.8,Evening
917,Southern,Kerala,Alleppey,Alleppey Backwaters #593,Backwater,1900,4,4.6,200,Yes,,Scenic,Yes,1.1,Winter
918,Western,Rajasthan,Jodhpur,Mehrangarh Fort #594,Fort,1459,3,4.7,100,Yes,,Historical,Yes,1.5,Winter
919,Northern,Uttarakhand,Rishikesh,Laxman Jhula #595,Bridge,1939,1,4.3,0,Yes,,Religious,Yes,1.2,Morning
920,Northern,Uttarakhand,Rishikesh,Laxman Jhula #596,Bridge,1939,1,4.3,0,Yes,,Religious,Yes,1.2,Morning
921,Western,Rajasthan,Jodhpur,Mehrangarh Fort #597,Fort,1459,3,4.7,100,Yes,,Historical,Yes,1.5,Winter
922,Northern,Uttarakhand,Rishikesh,Laxman Jhula #598,Bridge,1939,1,4.3,0,Yes,,Religious,Yes,1.2,Morning
923,Northern,Uttarakhand,Rishikesh,Laxman Jhula #599,Bridge,1939,1,4.3,0,Yes,,Religious,Yes,1.2,Morning
924,Southern,Kerala,Alleppey,Alleppey Backwaters #600,Backwater,1900,4,4.6,200,Yes,,Scenic,Yes,1.1,Winter
